2025-09-30 13:41:02 [main] INFO  c.b.e.EasychatsystemApplication - Starting EasychatsystemApplication using Java 21.0.8 with PID 97056 (/home/andy/Developments/local/java_workspace/easychatsystem/target/classes started by andy in /home/andy/Developments/local/java_workspace/easychatsystem)
2025-09-30 13:41:02 [main] DEBUG c.b.e.EasychatsystemApplication - Running with Spring Boot v3.5.4, Spring v6.2.9
2025-09-30 13:41:02 [main] INFO  c.b.e.EasychatsystemApplication - No active profile set, falling back to 1 default profile: "default"
2025-09-30 13:41:06 [main] WARN  o.s.b.a.o.j.JpaBaseConfiguration$JpaWebConfiguration - spring.jpa.open-in-view is enabled by default. Therefore, database queries may be performed during view rendering. Explicitly configure spring.jpa.open-in-view to disable this warning
2025-09-30 13:41:06 [main] DEBUG o.s.w.s.s.s.WebSocketHandlerMapping - Patterns [/ws/**] in 'stompWebSocketHandlerMapping'
2025-09-30 13:41:07 [main] DEBUG o.s.w.s.m.m.a.RequestMappingHandlerMapping - 13 mappings in 'requestMappingHandlerMapping'
2025-09-30 13:41:07 [main] DEBUG o.s.w.s.h.SimpleUrlHandlerMapping - Patterns [/webjars/**, /**] in 'resourceHandlerMapping'
2025-09-30 13:41:07 [main] DEBUG o.s.w.s.m.WebSocketAnnotationMethodMessageHandler - 
	c.b.e.c.ChatController:
	{[MESSAGE],[/chat.register]}: register(ChatMessage,SimpMessageHeaderAccessor)
	{[MESSAGE],[/chat.send]}: sendMessage(SendMessageRequest)
	{[MESSAGE],[/chat.typing]}: handleTyping(TypingRequest)
	{[MESSAGE],[/chat.read]}: handleReadReceipt(ReadReceiptRequest)
2025-09-30 13:41:07 [main] DEBUG o.s.w.s.m.WebSocketAnnotationMethodMessageHandler - 
	c.b.e.c.ChatRestController:
	
2025-09-30 13:41:07 [main] DEBUG o.s.w.s.m.WebSocketAnnotationMethodMessageHandler - 
	c.b.e.c.UserController:
	
2025-09-30 13:41:07 [main] DEBUG o.s.w.s.m.WebSocketAnnotationMethodMessageHandler - 
	o.s.b.a.w.s.e.BasicErrorController:
	
2025-09-30 13:41:07 [main] DEBUG o.s.w.s.m.m.a.RequestMappingHandlerAdapter - ControllerAdvice beans: 0 @ModelAttribute, 0 @InitBinder, 1 RequestBodyAdvice, 1 ResponseBodyAdvice
2025-09-30 13:41:07 [main] DEBUG o.s.w.s.m.m.a.ExceptionHandlerExceptionResolver - ControllerAdvice beans: 1 @ExceptionHandler, 1 ResponseBodyAdvice
2025-09-30 13:41:07 [main] DEBUG org.springframework.web.SimpLogging - clientOutboundChannel added SubProtocolWebSocketHandler[StompSubProtocolHandler[v10.stomp, v11.stomp, v12.stomp]]
2025-09-30 13:41:07 [main] DEBUG org.springframework.web.SimpLogging - clientInboundChannel added WebSocketAnnotationMethodMessageHandler[prefixes=[/app/]]
2025-09-30 13:41:07 [main] INFO  org.springframework.web.SimpLogging - Starting...
2025-09-30 13:41:07 [main] DEBUG org.springframework.web.SimpLogging - clientInboundChannel added SimpleBrokerMessageHandler [org.springframework.messaging.simp.broker.DefaultSubscriptionRegistry@62ee252b]
2025-09-30 13:41:07 [main] DEBUG org.springframework.web.SimpLogging - brokerChannel added SimpleBrokerMessageHandler [org.springframework.messaging.simp.broker.DefaultSubscriptionRegistry@62ee252b]
2025-09-30 13:41:07 [main] INFO  org.springframework.web.SimpLogging - BrokerAvailabilityEvent[available=true, SimpleBrokerMessageHandler [org.springframework.messaging.simp.broker.DefaultSubscriptionRegistry@62ee252b]]
2025-09-30 13:41:07 [main] INFO  org.springframework.web.SimpLogging - Started.
2025-09-30 13:41:07 [main] DEBUG org.springframework.web.SimpLogging - clientInboundChannel added UserDestinationMessageHandler[DefaultUserDestinationResolver[prefix=/user/]]
2025-09-30 13:41:07 [main] DEBUG org.springframework.web.SimpLogging - brokerChannel added UserDestinationMessageHandler[DefaultUserDestinationResolver[prefix=/user/]]
2025-09-30 13:41:07 [main] INFO  c.b.e.EasychatsystemApplication - Started EasychatsystemApplication in 6.244 seconds (process running for 6.599)
2025-09-30 13:41:11 [http-nio-8485-exec-1] INFO  o.s.web.servlet.DispatcherServlet - Initializing Servlet 'dispatcherServlet'
2025-09-30 13:41:11 [http-nio-8485-exec-1] DEBUG o.s.web.servlet.DispatcherServlet - Detected StandardServletMultipartResolver
2025-09-30 13:41:11 [http-nio-8485-exec-1] DEBUG o.s.web.servlet.DispatcherServlet - Detected AcceptHeaderLocaleResolver
2025-09-30 13:41:11 [http-nio-8485-exec-1] DEBUG o.s.web.servlet.DispatcherServlet - Detected FixedThemeResolver
2025-09-30 13:41:11 [http-nio-8485-exec-1] DEBUG o.s.web.servlet.DispatcherServlet - Detected org.springframework.web.servlet.view.DefaultRequestToViewNameTranslator@4d0042eb
2025-09-30 13:41:11 [http-nio-8485-exec-1] DEBUG o.s.web.servlet.DispatcherServlet - Detected org.springframework.web.servlet.support.SessionFlashMapManager@12f1b76c
2025-09-30 13:41:11 [http-nio-8485-exec-1] DEBUG o.s.web.servlet.DispatcherServlet - enableLoggingRequestDetails='false': request parameters and headers will be masked to prevent unsafe logging of potentially sensitive data
2025-09-30 13:41:11 [http-nio-8485-exec-1] INFO  o.s.web.servlet.DispatcherServlet - Completed initialization in 2 ms
2025-09-30 13:41:11 [http-nio-8485-exec-1] DEBUG o.s.web.servlet.DispatcherServlet - GET "/ws/info?t=1759214471203", parameters={masked}
2025-09-30 13:41:11 [http-nio-8485-exec-1] DEBUG o.s.w.s.s.s.WebSocketHandlerMapping - Mapped to org.springframework.web.socket.sockjs.support.SockJsHttpRequestHandler@7511e348
2025-09-30 13:41:11 [http-nio-8485-exec-1] DEBUG o.s.w.s.s.t.h.DefaultSockJsService - Processing transport request: GET http://localhost:8485/ws/info?t=1759214471203
2025-09-30 13:41:11 [http-nio-8485-exec-1] DEBUG o.s.web.servlet.DispatcherServlet - Completed 200 OK
2025-09-30 13:41:11 [http-nio-8485-exec-2] DEBUG o.s.web.servlet.DispatcherServlet - GET "/ws/638/akmoxr02/websocket", parameters={}
2025-09-30 13:41:11 [http-nio-8485-exec-2] DEBUG o.s.w.s.s.s.WebSocketHandlerMapping - Mapped to org.springframework.web.socket.sockjs.support.SockJsHttpRequestHandler@7511e348
2025-09-30 13:41:11 [http-nio-8485-exec-2] DEBUG o.s.w.s.s.t.h.DefaultSockJsService - Processing transport request: GET http://localhost:8485/ws/638/akmoxr02/websocket
2025-09-30 13:41:11 [http-nio-8485-exec-2] DEBUG o.s.web.servlet.DispatcherServlet - Completed 101 SWITCHING_PROTOCOLS
2025-09-30 13:41:11 [http-nio-8485-exec-2] DEBUG o.s.w.s.h.LoggingWebSocketHandlerDecorator - New WebSocketServerSockJsSession[id=akmoxr02]
2025-09-30 13:41:11 [clientInboundChannel-2] DEBUG org.springframework.web.SimpLogging - Processing CONNECT session=akmoxr02
2025-09-30 13:41:11 [clientInboundChannel-4] DEBUG o.s.w.s.m.WebSocketAnnotationMethodMessageHandler - Searching methods to handle SEND /app/chat.register session=akmoxr02, lookupDestination='/chat.register'
2025-09-30 13:41:11 [clientInboundChannel-8] DEBUG org.springframework.web.SimpLogging - Processing SUBSCRIBE /user/queue/message.status id=sub-0 session=akmoxr02
2025-09-30 13:41:11 [clientInboundChannel-9] DEBUG org.springframework.web.SimpLogging - Processing SUBSCRIBE destination=/queue/message.status-userakmoxr02 subscriptionId=sub-0 session=akmoxr02 payload=byte[0]
2025-09-30 13:41:11 [clientInboundChannel-11] DEBUG org.springframework.web.SimpLogging - Processing SUBSCRIBE /topic/conversation.2 id=sub-1 session=akmoxr02
2025-09-30 13:41:11 [clientInboundChannel-4] DEBUG o.s.w.s.m.WebSocketAnnotationMethodMessageHandler - Invoking ChatController#register[2 args]
2025-09-30 13:41:31 [http-nio-8485-exec-5] DEBUG o.s.web.servlet.DispatcherServlet - GET "/api/messages/conversations/2", parameters={}
2025-09-30 13:41:31 [http-nio-8485-exec-5] DEBUG o.s.w.s.m.m.a.RequestMappingHandlerMapping - Mapped to com.binary.easychatsystem.controller.ChatRestController#getConversationMessages(Long, int, int, UserDetails)
2025-09-30 13:41:31 [http-nio-8485-exec-5] INFO  c.b.e.s.impl.ChatMessageServiceImpl - return result: [ChatMessage(messageId=2, content=Hello, mediaType=TEXT, mediaUrl=, mediaMime=, mediaSize=0, senderId=1, recipientId=null, type=CHAT, status=SENT, isDeleted=false, createdAt=2025-09-29T16:02:35.824120, updatedAt=null, readAt=null, conversation=com.binary.easychatsystem.model.ChatConversation@b05b1c1), ChatMessage(messageId=1, content=Hi, How are you?, mediaType=TEXT, mediaUrl=null, mediaMime=null, mediaSize=null, senderId=1, recipientId=null, type=CHAT, status=SENT, isDeleted=false, createdAt=2025-09-29T13:23:45.406725, updatedAt=null, readAt=null, conversation=com.binary.easychatsystem.model.ChatConversation@b05b1c1)]
2025-09-30 13:41:31 [http-nio-8485-exec-5] DEBUG o.s.w.s.m.m.a.HttpEntityMethodProcessor - Using 'application/json', given [*/*] and supported [application/json, application/*+json]
2025-09-30 13:41:31 [http-nio-8485-exec-5] DEBUG o.s.w.s.m.m.a.HttpEntityMethodProcessor - Writing [[ChatMessage(messageId=2, content=Hello, mediaType=TEXT, mediaUrl=, mediaMime=, mediaSize=0, senderI (truncated)...]
2025-09-30 13:41:31 [http-nio-8485-exec-5] DEBUG o.s.w.s.m.m.a.ExceptionHandlerExceptionResolver - Using @ExceptionHandler com.binary.easychatsystem.exception.GlobalExceptionHandler#handleRuntimeException(RuntimeException)
2025-09-30 13:41:31 [http-nio-8485-exec-5] DEBUG o.s.w.s.m.m.a.HttpEntityMethodProcessor - Found 'Content-Type:application/json' in response
2025-09-30 13:41:31 [http-nio-8485-exec-5] DEBUG o.s.w.s.m.m.a.HttpEntityMethodProcessor - Writing [com.binary.easychatsystem.exception.GlobalExceptionHandler$ErrorResponse@6e77510b]
2025-09-30 13:41:31 [http-nio-8485-exec-5] DEBUG o.s.w.s.m.m.a.ExceptionHandlerExceptionResolver - Resolved [org.springframework.http.converter.HttpMessageNotWritableException: Could not write JSON: Document nesting depth (1001) exceeds the maximum allowed (1000, from `StreamWriteConstraints.getMaxNestingDepth()`)]
2025-09-30 13:41:31 [http-nio-8485-exec-5] DEBUG o.s.web.servlet.DispatcherServlet - Completed 200 OK
2025-09-30 13:42:07 [MessageBroker-5] INFO  o.s.w.s.c.WebSocketMessageBrokerStats - WebSocketSession[1 current WS(1)-HttpStream(0)-HttpPoll(0), 1 total, 0 closed abnormally (0 connect failure, 0 send limit, 0 transport error)], stompSubProtocol[processed CONNECT(1)-CONNECTED(1)-DISCONNECT(0)], stompBrokerRelay[null], inboundChannel[pool size = 12, active threads = 0, queued tasks = 0, completed tasks = 12], outboundChannel[pool size = 1, active threads = 0, queued tasks = 0, completed tasks = 1], sockJsScheduler[pool size = 8, active threads = 1, queued tasks = 2, completed tasks = 14]
2025-09-30 13:45:14 [SpringApplicationShutdownHook] DEBUG org.springframework.web.SimpLogging - clientOutboundChannel removed SubProtocolWebSocketHandler[StompSubProtocolHandler[v10.stomp, v11.stomp, v12.stomp]]
2025-09-30 13:45:14 [SpringApplicationShutdownHook] DEBUG o.s.w.s.s.t.s.WebSocketServerSockJsSession - Closing SockJS session akmoxr02 with CloseStatus[code=1001, reason=null]
2025-09-30 13:45:14 [SpringApplicationShutdownHook] DEBUG o.s.w.s.h.LoggingWebSocketHandlerDecorator - Transport error in WebSocketServerSockJsSession[id=akmoxr02]
java.io.IOException: java.nio.channels.ClosedChannelException
	at org.apache.tomcat.websocket.WsRemoteEndpointImplBase.sendMessageBlockInternal(WsRemoteEndpointImplBase.java:326)
	at org.apache.tomcat.websocket.WsRemoteEndpointImplBase.sendMessageBlock(WsRemoteEndpointImplBase.java:266)
	at org.apache.tomcat.websocket.WsSession.sendCloseMessage(WsSession.java:778)
	at org.apache.tomcat.websocket.WsSession.doClose(WsSession.java:575)
	at org.apache.tomcat.websocket.WsRemoteEndpointImplBase.sendMessageBlockInternal(WsRemoteEndpointImplBase.java:324)
	at org.apache.tomcat.websocket.WsRemoteEndpointImplBase.sendMessageBlock(WsRemoteEndpointImplBase.java:266)
	at org.apache.tomcat.websocket.WsRemoteEndpointImplBase.sendMessageBlock(WsRemoteEndpointImplBase.java:250)
	at org.apache.tomcat.websocket.WsRemoteEndpointImplBase.sendPartialString(WsRemoteEndpointImplBase.java:223)
	at org.apache.tomcat.websocket.WsRemoteEndpointBasic.sendText(WsRemoteEndpointBasic.java:48)
	at org.springframework.web.socket.adapter.standard.StandardWebSocketSession.sendTextMessage(StandardWebSocketSession.java:217)
	at org.springframework.web.socket.adapter.AbstractWebSocketSession.sendMessage(AbstractWebSocketSession.java:108)
	at org.springframework.web.socket.sockjs.transport.session.WebSocketServerSockJsSession.writeFrameInternal(WebSocketServerSockJsSession.java:228)
	at org.springframework.web.socket.sockjs.transport.session.AbstractSockJsSession.close(AbstractSockJsSession.java:188)
	at org.springframework.web.socket.handler.WebSocketSessionDecorator.close(WebSocketSessionDecorator.java:164)
	at org.springframework.web.socket.handler.ConcurrentWebSocketSessionDecorator.close(ConcurrentWebSocketSessionDecorator.java:279)
	at org.springframework.web.socket.messaging.SubProtocolWebSocketHandler.stop(SubProtocolWebSocketHandler.java:308)
	at org.springframework.web.socket.messaging.SubProtocolWebSocketHandler.stop(SubProtocolWebSocketHandler.java:321)
	at org.springframework.context.support.DefaultLifecycleProcessor.doStop(DefaultLifecycleProcessor.java:463)
	at org.springframework.context.support.DefaultLifecycleProcessor$LifecycleGroup.stop(DefaultLifecycleProcessor.java:618)
	at java.base/java.lang.Iterable.forEach(Iterable.java:75)
	at org.springframework.context.support.DefaultLifecycleProcessor.stopBeans(DefaultLifecycleProcessor.java:432)
	at org.springframework.context.support.DefaultLifecycleProcessor.onClose(DefaultLifecycleProcessor.java:323)
	at org.springframework.context.support.AbstractApplicationContext.doClose(AbstractApplicationContext.java:1172)
	at org.springframework.boot.web.servlet.context.ServletWebServerApplicationContext.doClose(ServletWebServerApplicationContext.java:179)
	at org.springframework.context.support.AbstractApplicationContext.close(AbstractApplicationContext.java:1126)
	at org.springframework.boot.SpringApplicationShutdownHook.closeAndWait(SpringApplicationShutdownHook.java:147)
	at java.base/java.lang.Iterable.forEach(Iterable.java:75)
	at org.springframework.boot.SpringApplicationShutdownHook.run(SpringApplicationShutdownHook.java:116)
	at java.base/java.lang.Thread.run(Thread.java:1583)
Caused by: java.nio.channels.ClosedChannelException: null
	at org.apache.tomcat.util.net.NioChannel$1.write(NioChannel.java:282)
	at org.apache.tomcat.util.net.NioEndpoint$NioSocketWrapper$NioOperationState.run(NioEndpoint.java:1665)
	at org.apache.tomcat.util.net.SocketWrapperBase$OperationState.start(SocketWrapperBase.java:987)
	at org.apache.tomcat.util.net.SocketWrapperBase.vectoredOperation(SocketWrapperBase.java:1358)
	at org.apache.tomcat.util.net.SocketWrapperBase.write(SocketWrapperBase.java:1287)
	at org.apache.tomcat.util.net.SocketWrapperBase.write(SocketWrapperBase.java:1262)
	at org.apache.tomcat.websocket.server.WsRemoteEndpointImplServer.doWrite(WsRemoteEndpointImplServer.java:171)
	at org.apache.tomcat.websocket.WsRemoteEndpointImplBase.writeMessagePart(WsRemoteEndpointImplBase.java:521)
	at org.apache.tomcat.websocket.WsRemoteEndpointImplBase.sendMessageBlockInternal(WsRemoteEndpointImplBase.java:313)
	... 24 common frames omitted
2025-09-30 13:45:14 [SpringApplicationShutdownHook] DEBUG o.s.w.s.s.t.s.WebSocketServerSockJsSession - Failure while sending SockJS close frame
java.io.IOException: java.nio.channels.ClosedChannelException
	at org.apache.tomcat.websocket.WsRemoteEndpointImplBase.sendMessageBlockInternal(WsRemoteEndpointImplBase.java:326)
	at org.apache.tomcat.websocket.WsRemoteEndpointImplBase.sendMessageBlock(WsRemoteEndpointImplBase.java:266)
	at org.apache.tomcat.websocket.WsRemoteEndpointImplBase.sendMessageBlock(WsRemoteEndpointImplBase.java:250)
	at org.apache.tomcat.websocket.WsRemoteEndpointImplBase.sendPartialString(WsRemoteEndpointImplBase.java:223)
	at org.apache.tomcat.websocket.WsRemoteEndpointBasic.sendText(WsRemoteEndpointBasic.java:48)
	at org.springframework.web.socket.adapter.standard.StandardWebSocketSession.sendTextMessage(StandardWebSocketSession.java:217)
	at org.springframework.web.socket.adapter.AbstractWebSocketSession.sendMessage(AbstractWebSocketSession.java:108)
	at org.springframework.web.socket.sockjs.transport.session.WebSocketServerSockJsSession.writeFrameInternal(WebSocketServerSockJsSession.java:228)
	at org.springframework.web.socket.sockjs.transport.session.AbstractSockJsSession.close(AbstractSockJsSession.java:188)
	at org.springframework.web.socket.handler.WebSocketSessionDecorator.close(WebSocketSessionDecorator.java:164)
	at org.springframework.web.socket.handler.ConcurrentWebSocketSessionDecorator.close(ConcurrentWebSocketSessionDecorator.java:279)
	at org.springframework.web.socket.messaging.SubProtocolWebSocketHandler.stop(SubProtocolWebSocketHandler.java:308)
	at org.springframework.web.socket.messaging.SubProtocolWebSocketHandler.stop(SubProtocolWebSocketHandler.java:321)
	at org.springframework.context.support.DefaultLifecycleProcessor.doStop(DefaultLifecycleProcessor.java:463)
	at org.springframework.context.support.DefaultLifecycleProcessor$LifecycleGroup.stop(DefaultLifecycleProcessor.java:618)
	at java.base/java.lang.Iterable.forEach(Iterable.java:75)
	at org.springframework.context.support.DefaultLifecycleProcessor.stopBeans(DefaultLifecycleProcessor.java:432)
	at org.springframework.context.support.DefaultLifecycleProcessor.onClose(DefaultLifecycleProcessor.java:323)
	at org.springframework.context.support.AbstractApplicationContext.doClose(AbstractApplicationContext.java:1172)
	at org.springframework.boot.web.servlet.context.ServletWebServerApplicationContext.doClose(ServletWebServerApplicationContext.java:179)
	at org.springframework.context.support.AbstractApplicationContext.close(AbstractApplicationContext.java:1126)
	at org.springframework.boot.SpringApplicationShutdownHook.closeAndWait(SpringApplicationShutdownHook.java:147)
	at java.base/java.lang.Iterable.forEach(Iterable.java:75)
	at org.springframework.boot.SpringApplicationShutdownHook.run(SpringApplicationShutdownHook.java:116)
	at java.base/java.lang.Thread.run(Thread.java:1583)
Caused by: java.nio.channels.ClosedChannelException: null
	at org.apache.tomcat.util.net.NioChannel$1.write(NioChannel.java:282)
	at org.apache.tomcat.util.net.NioEndpoint$NioSocketWrapper$NioOperationState.run(NioEndpoint.java:1665)
	at org.apache.tomcat.util.net.SocketWrapperBase$OperationState.start(SocketWrapperBase.java:987)
	at org.apache.tomcat.util.net.SocketWrapperBase.vectoredOperation(SocketWrapperBase.java:1358)
	at org.apache.tomcat.util.net.SocketWrapperBase.write(SocketWrapperBase.java:1287)
	at org.apache.tomcat.util.net.SocketWrapperBase.write(SocketWrapperBase.java:1262)
	at org.apache.tomcat.websocket.server.WsRemoteEndpointImplServer.doWrite(WsRemoteEndpointImplServer.java:171)
	at org.apache.tomcat.websocket.WsRemoteEndpointImplBase.writeMessagePart(WsRemoteEndpointImplBase.java:521)
	at org.apache.tomcat.websocket.WsRemoteEndpointImplBase.sendMessageBlockInternal(WsRemoteEndpointImplBase.java:313)
	... 24 common frames omitted
2025-09-30 13:45:14 [SpringApplicationShutdownHook] DEBUG o.s.w.s.h.LoggingWebSocketHandlerDecorator - WebSocketServerSockJsSession[id=akmoxr02] closed with CloseStatus[code=1001, reason=null]
2025-09-30 13:45:14 [SpringApplicationShutdownHook] DEBUG o.s.w.s.m.SubProtocolWebSocketHandler - Clearing session akmoxr02
2025-09-30 13:45:14 [SpringApplicationShutdownHook] INFO  c.b.e.config.WebSocketEventListener - user disconnected: 1
2025-09-30 13:45:14 [clientInboundChannel-14] DEBUG org.springframework.web.SimpLogging - Processing DISCONNECT session=akmoxr02
2025-09-30 13:45:14 [SpringApplicationShutdownHook] DEBUG org.springframework.web.SimpLogging - clientInboundChannel removed WebSocketAnnotationMethodMessageHandler[prefixes=[/app/]]
2025-09-30 13:45:14 [SpringApplicationShutdownHook] INFO  org.springframework.web.SimpLogging - Stopping...
2025-09-30 13:45:14 [SpringApplicationShutdownHook] INFO  org.springframework.web.SimpLogging - BrokerAvailabilityEvent[available=false, SimpleBrokerMessageHandler [org.springframework.messaging.simp.broker.DefaultSubscriptionRegistry@62ee252b]]
2025-09-30 13:45:14 [SpringApplicationShutdownHook] DEBUG org.springframework.web.SimpLogging - clientInboundChannel removed SimpleBrokerMessageHandler [org.springframework.messaging.simp.broker.DefaultSubscriptionRegistry@62ee252b]
2025-09-30 13:45:14 [SpringApplicationShutdownHook] DEBUG org.springframework.web.SimpLogging - brokerChannel removed SimpleBrokerMessageHandler [org.springframework.messaging.simp.broker.DefaultSubscriptionRegistry@62ee252b]
2025-09-30 13:45:14 [SpringApplicationShutdownHook] INFO  org.springframework.web.SimpLogging - Stopped.
2025-09-30 13:45:14 [SpringApplicationShutdownHook] DEBUG org.springframework.web.SimpLogging - clientInboundChannel removed UserDestinationMessageHandler[DefaultUserDestinationResolver[prefix=/user/]]
2025-09-30 13:45:14 [SpringApplicationShutdownHook] DEBUG org.springframework.web.SimpLogging - brokerChannel removed UserDestinationMessageHandler[DefaultUserDestinationResolver[prefix=/user/]]
2025-09-30 13:45:23 [main] INFO  c.b.e.EasychatsystemApplication - Starting EasychatsystemApplication using Java 21.0.8 with PID 97633 (/home/andy/Developments/local/java_workspace/easychatsystem/target/classes started by andy in /home/andy/Developments/local/java_workspace/easychatsystem)
2025-09-30 13:45:23 [main] DEBUG c.b.e.EasychatsystemApplication - Running with Spring Boot v3.5.4, Spring v6.2.9
2025-09-30 13:45:23 [main] INFO  c.b.e.EasychatsystemApplication - No active profile set, falling back to 1 default profile: "default"
2025-09-30 13:45:28 [main] WARN  o.s.b.a.o.j.JpaBaseConfiguration$JpaWebConfiguration - spring.jpa.open-in-view is enabled by default. Therefore, database queries may be performed during view rendering. Explicitly configure spring.jpa.open-in-view to disable this warning
2025-09-30 13:45:28 [main] DEBUG o.s.w.s.s.s.WebSocketHandlerMapping - Patterns [/ws/**] in 'stompWebSocketHandlerMapping'
2025-09-30 13:45:28 [main] DEBUG o.s.w.s.m.m.a.RequestMappingHandlerMapping - 13 mappings in 'requestMappingHandlerMapping'
2025-09-30 13:45:28 [main] DEBUG o.s.w.s.h.SimpleUrlHandlerMapping - Patterns [/webjars/**, /**] in 'resourceHandlerMapping'
2025-09-30 13:45:28 [main] DEBUG o.s.w.s.m.WebSocketAnnotationMethodMessageHandler - 
	c.b.e.c.ChatController:
	{[MESSAGE],[/chat.register]}: register(ChatMessage,SimpMessageHeaderAccessor)
	{[MESSAGE],[/chat.send]}: sendMessage(SendMessageRequest)
	{[MESSAGE],[/chat.typing]}: handleTyping(TypingRequest)
	{[MESSAGE],[/chat.read]}: handleReadReceipt(ReadReceiptRequest)
2025-09-30 13:45:28 [main] DEBUG o.s.w.s.m.WebSocketAnnotationMethodMessageHandler - 
	c.b.e.c.ChatRestController:
	
2025-09-30 13:45:28 [main] DEBUG o.s.w.s.m.WebSocketAnnotationMethodMessageHandler - 
	c.b.e.c.UserController:
	
2025-09-30 13:45:28 [main] DEBUG o.s.w.s.m.WebSocketAnnotationMethodMessageHandler - 
	o.s.b.a.w.s.e.BasicErrorController:
	
2025-09-30 13:45:28 [main] DEBUG o.s.w.s.m.m.a.RequestMappingHandlerAdapter - ControllerAdvice beans: 0 @ModelAttribute, 0 @InitBinder, 1 RequestBodyAdvice, 1 ResponseBodyAdvice
2025-09-30 13:45:28 [main] DEBUG o.s.w.s.m.m.a.ExceptionHandlerExceptionResolver - ControllerAdvice beans: 1 @ExceptionHandler, 1 ResponseBodyAdvice
2025-09-30 13:45:29 [main] DEBUG org.springframework.web.SimpLogging - clientOutboundChannel added SubProtocolWebSocketHandler[StompSubProtocolHandler[v10.stomp, v11.stomp, v12.stomp]]
2025-09-30 13:45:29 [main] DEBUG org.springframework.web.SimpLogging - clientInboundChannel added WebSocketAnnotationMethodMessageHandler[prefixes=[/app/]]
2025-09-30 13:45:29 [main] INFO  org.springframework.web.SimpLogging - Starting...
2025-09-30 13:45:29 [main] DEBUG org.springframework.web.SimpLogging - clientInboundChannel added SimpleBrokerMessageHandler [org.springframework.messaging.simp.broker.DefaultSubscriptionRegistry@1de36da2]
2025-09-30 13:45:29 [main] DEBUG org.springframework.web.SimpLogging - brokerChannel added SimpleBrokerMessageHandler [org.springframework.messaging.simp.broker.DefaultSubscriptionRegistry@1de36da2]
2025-09-30 13:45:29 [main] INFO  org.springframework.web.SimpLogging - BrokerAvailabilityEvent[available=true, SimpleBrokerMessageHandler [org.springframework.messaging.simp.broker.DefaultSubscriptionRegistry@1de36da2]]
2025-09-30 13:45:29 [main] INFO  org.springframework.web.SimpLogging - Started.
2025-09-30 13:45:29 [main] DEBUG org.springframework.web.SimpLogging - clientInboundChannel added UserDestinationMessageHandler[DefaultUserDestinationResolver[prefix=/user/]]
2025-09-30 13:45:29 [main] DEBUG org.springframework.web.SimpLogging - brokerChannel added UserDestinationMessageHandler[DefaultUserDestinationResolver[prefix=/user/]]
2025-09-30 13:45:29 [main] INFO  c.b.e.EasychatsystemApplication - Started EasychatsystemApplication in 6.151 seconds (process running for 6.451)
2025-09-30 13:45:32 [http-nio-8485-exec-1] INFO  o.s.web.servlet.DispatcherServlet - Initializing Servlet 'dispatcherServlet'
2025-09-30 13:45:32 [http-nio-8485-exec-1] DEBUG o.s.web.servlet.DispatcherServlet - Detected StandardServletMultipartResolver
2025-09-30 13:45:32 [http-nio-8485-exec-1] DEBUG o.s.web.servlet.DispatcherServlet - Detected AcceptHeaderLocaleResolver
2025-09-30 13:45:32 [http-nio-8485-exec-1] DEBUG o.s.web.servlet.DispatcherServlet - Detected FixedThemeResolver
2025-09-30 13:45:32 [http-nio-8485-exec-1] DEBUG o.s.web.servlet.DispatcherServlet - Detected org.springframework.web.servlet.view.DefaultRequestToViewNameTranslator@7de54be7
2025-09-30 13:45:32 [http-nio-8485-exec-1] DEBUG o.s.web.servlet.DispatcherServlet - Detected org.springframework.web.servlet.support.SessionFlashMapManager@b8812fb
2025-09-30 13:45:32 [http-nio-8485-exec-1] DEBUG o.s.web.servlet.DispatcherServlet - enableLoggingRequestDetails='false': request parameters and headers will be masked to prevent unsafe logging of potentially sensitive data
2025-09-30 13:45:32 [http-nio-8485-exec-1] INFO  o.s.web.servlet.DispatcherServlet - Completed initialization in 2 ms
2025-09-30 13:45:32 [http-nio-8485-exec-1] DEBUG o.s.web.servlet.DispatcherServlet - GET "/ws/info?t=1759214732203", parameters={masked}
2025-09-30 13:45:32 [http-nio-8485-exec-1] DEBUG o.s.w.s.s.s.WebSocketHandlerMapping - Mapped to org.springframework.web.socket.sockjs.support.SockJsHttpRequestHandler@19a48bde
2025-09-30 13:45:32 [http-nio-8485-exec-1] DEBUG o.s.w.s.s.t.h.DefaultSockJsService - Processing transport request: GET http://localhost:8485/ws/info?t=1759214732203
2025-09-30 13:45:32 [http-nio-8485-exec-1] DEBUG o.s.web.servlet.DispatcherServlet - Completed 200 OK
2025-09-30 13:45:32 [http-nio-8485-exec-2] DEBUG o.s.web.servlet.DispatcherServlet - GET "/ws/030/qhrkeljr/websocket", parameters={}
2025-09-30 13:45:32 [http-nio-8485-exec-2] DEBUG o.s.w.s.s.s.WebSocketHandlerMapping - Mapped to org.springframework.web.socket.sockjs.support.SockJsHttpRequestHandler@19a48bde
2025-09-30 13:45:32 [http-nio-8485-exec-2] DEBUG o.s.w.s.s.t.h.DefaultSockJsService - Processing transport request: GET http://localhost:8485/ws/030/qhrkeljr/websocket
2025-09-30 13:45:32 [http-nio-8485-exec-2] DEBUG o.s.web.servlet.DispatcherServlet - Completed 101 SWITCHING_PROTOCOLS
2025-09-30 13:45:32 [http-nio-8485-exec-2] DEBUG o.s.w.s.h.LoggingWebSocketHandlerDecorator - New WebSocketServerSockJsSession[id=qhrkeljr]
2025-09-30 13:45:32 [clientInboundChannel-2] DEBUG org.springframework.web.SimpLogging - Processing CONNECT session=qhrkeljr
2025-09-30 13:45:32 [clientInboundChannel-4] DEBUG o.s.w.s.m.WebSocketAnnotationMethodMessageHandler - Searching methods to handle SEND /app/chat.register session=qhrkeljr, lookupDestination='/chat.register'
2025-09-30 13:45:32 [clientInboundChannel-8] DEBUG org.springframework.web.SimpLogging - Processing SUBSCRIBE /user/queue/message.status id=sub-0 session=qhrkeljr
2025-09-30 13:45:32 [clientInboundChannel-9] DEBUG org.springframework.web.SimpLogging - Processing SUBSCRIBE destination=/queue/message.status-userqhrkeljr subscriptionId=sub-0 session=qhrkeljr payload=byte[0]
2025-09-30 13:45:32 [clientInboundChannel-11] DEBUG org.springframework.web.SimpLogging - Processing SUBSCRIBE /topic/conversation.2 id=sub-1 session=qhrkeljr
2025-09-30 13:45:32 [clientInboundChannel-4] DEBUG o.s.w.s.m.WebSocketAnnotationMethodMessageHandler - Invoking ChatController#register[2 args]
2025-09-30 13:45:40 [http-nio-8485-exec-5] DEBUG o.s.web.servlet.DispatcherServlet - GET "/api/messages/conversations/2", parameters={}
2025-09-30 13:45:40 [http-nio-8485-exec-5] DEBUG o.s.w.s.m.m.a.RequestMappingHandlerMapping - Mapped to com.binary.easychatsystem.controller.ChatRestController#getConversationMessages(Long, int, int, UserDetails)
2025-09-30 13:45:40 [http-nio-8485-exec-5] INFO  c.b.e.s.impl.ChatMessageServiceImpl - return result: [ChatMessage(messageId=2, content=Hello, mediaType=TEXT, mediaUrl=, mediaMime=, mediaSize=0, senderId=1, recipientId=null, type=CHAT, status=SENT, isDeleted=false, createdAt=2025-09-29T16:02:35.824120, updatedAt=null, readAt=null, conversation=com.binary.easychatsystem.model.ChatConversation@715bf46e), ChatMessage(messageId=1, content=Hi, How are you?, mediaType=TEXT, mediaUrl=null, mediaMime=null, mediaSize=null, senderId=1, recipientId=null, type=CHAT, status=SENT, isDeleted=false, createdAt=2025-09-29T13:23:45.406725, updatedAt=null, readAt=null, conversation=com.binary.easychatsystem.model.ChatConversation@715bf46e)]
2025-09-30 13:45:40 [http-nio-8485-exec-5] DEBUG o.s.w.s.m.m.a.HttpEntityMethodProcessor - Using 'application/json', given [*/*] and supported [application/json, application/*+json]
2025-09-30 13:45:40 [http-nio-8485-exec-5] DEBUG o.s.w.s.m.m.a.HttpEntityMethodProcessor - Writing [[ChatMessage(messageId=2, content=Hello, mediaType=TEXT, mediaUrl=, mediaMime=, mediaSize=0, senderI (truncated)...]
2025-09-30 13:45:40 [http-nio-8485-exec-5] DEBUG o.s.w.s.m.m.a.ExceptionHandlerExceptionResolver - Using @ExceptionHandler com.binary.easychatsystem.exception.GlobalExceptionHandler#handleRuntimeException(RuntimeException)
2025-09-30 13:45:40 [http-nio-8485-exec-5] DEBUG o.s.w.s.m.m.a.HttpEntityMethodProcessor - Found 'Content-Type:application/json' in response
2025-09-30 13:45:40 [http-nio-8485-exec-5] DEBUG o.s.w.s.m.m.a.HttpEntityMethodProcessor - Writing [com.binary.easychatsystem.exception.GlobalExceptionHandler$ErrorResponse@4344c659]
2025-09-30 13:45:40 [http-nio-8485-exec-5] DEBUG o.s.w.s.m.m.a.ExceptionHandlerExceptionResolver - Resolved [org.springframework.http.converter.HttpMessageConversionException: Type definition error: [simple type, class org.hibernate.proxy.pojo.bytebuddy.ByteBuddyInterceptor]]
2025-09-30 13:45:40 [http-nio-8485-exec-5] DEBUG o.s.web.servlet.DispatcherServlet - Completed 400 BAD_REQUEST
2025-09-30 13:46:07 [SpringApplicationShutdownHook] DEBUG org.springframework.web.SimpLogging - clientOutboundChannel removed SubProtocolWebSocketHandler[StompSubProtocolHandler[v10.stomp, v11.stomp, v12.stomp]]
2025-09-30 13:46:07 [SpringApplicationShutdownHook] DEBUG o.s.w.s.s.t.s.WebSocketServerSockJsSession - Closing SockJS session qhrkeljr with CloseStatus[code=1001, reason=null]
2025-09-30 13:46:07 [SpringApplicationShutdownHook] DEBUG o.s.w.s.h.LoggingWebSocketHandlerDecorator - Transport error in WebSocketServerSockJsSession[id=qhrkeljr]
java.io.IOException: java.nio.channels.ClosedChannelException
	at org.apache.tomcat.websocket.WsRemoteEndpointImplBase.sendMessageBlockInternal(WsRemoteEndpointImplBase.java:326)
	at org.apache.tomcat.websocket.WsRemoteEndpointImplBase.sendMessageBlock(WsRemoteEndpointImplBase.java:266)
	at org.apache.tomcat.websocket.WsSession.sendCloseMessage(WsSession.java:778)
	at org.apache.tomcat.websocket.WsSession.doClose(WsSession.java:575)
	at org.apache.tomcat.websocket.WsRemoteEndpointImplBase.sendMessageBlockInternal(WsRemoteEndpointImplBase.java:324)
	at org.apache.tomcat.websocket.WsRemoteEndpointImplBase.sendMessageBlock(WsRemoteEndpointImplBase.java:266)
	at org.apache.tomcat.websocket.WsRemoteEndpointImplBase.sendMessageBlock(WsRemoteEndpointImplBase.java:250)
	at org.apache.tomcat.websocket.WsRemoteEndpointImplBase.sendPartialString(WsRemoteEndpointImplBase.java:223)
	at org.apache.tomcat.websocket.WsRemoteEndpointBasic.sendText(WsRemoteEndpointBasic.java:48)
	at org.springframework.web.socket.adapter.standard.StandardWebSocketSession.sendTextMessage(StandardWebSocketSession.java:217)
	at org.springframework.web.socket.adapter.AbstractWebSocketSession.sendMessage(AbstractWebSocketSession.java:108)
	at org.springframework.web.socket.sockjs.transport.session.WebSocketServerSockJsSession.writeFrameInternal(WebSocketServerSockJsSession.java:228)
	at org.springframework.web.socket.sockjs.transport.session.AbstractSockJsSession.close(AbstractSockJsSession.java:188)
	at org.springframework.web.socket.handler.WebSocketSessionDecorator.close(WebSocketSessionDecorator.java:164)
	at org.springframework.web.socket.handler.ConcurrentWebSocketSessionDecorator.close(ConcurrentWebSocketSessionDecorator.java:279)
	at org.springframework.web.socket.messaging.SubProtocolWebSocketHandler.stop(SubProtocolWebSocketHandler.java:308)
	at org.springframework.web.socket.messaging.SubProtocolWebSocketHandler.stop(SubProtocolWebSocketHandler.java:321)
	at org.springframework.context.support.DefaultLifecycleProcessor.doStop(DefaultLifecycleProcessor.java:463)
	at org.springframework.context.support.DefaultLifecycleProcessor$LifecycleGroup.stop(DefaultLifecycleProcessor.java:618)
	at java.base/java.lang.Iterable.forEach(Iterable.java:75)
	at org.springframework.context.support.DefaultLifecycleProcessor.stopBeans(DefaultLifecycleProcessor.java:432)
	at org.springframework.context.support.DefaultLifecycleProcessor.onClose(DefaultLifecycleProcessor.java:323)
	at org.springframework.context.support.AbstractApplicationContext.doClose(AbstractApplicationContext.java:1172)
	at org.springframework.boot.web.servlet.context.ServletWebServerApplicationContext.doClose(ServletWebServerApplicationContext.java:179)
	at org.springframework.context.support.AbstractApplicationContext.close(AbstractApplicationContext.java:1126)
	at org.springframework.boot.SpringApplicationShutdownHook.closeAndWait(SpringApplicationShutdownHook.java:147)
	at java.base/java.lang.Iterable.forEach(Iterable.java:75)
	at org.springframework.boot.SpringApplicationShutdownHook.run(SpringApplicationShutdownHook.java:116)
	at java.base/java.lang.Thread.run(Thread.java:1583)
Caused by: java.nio.channels.ClosedChannelException: null
	at org.apache.tomcat.util.net.NioChannel$1.write(NioChannel.java:282)
	at org.apache.tomcat.util.net.NioEndpoint$NioSocketWrapper$NioOperationState.run(NioEndpoint.java:1665)
	at org.apache.tomcat.util.net.SocketWrapperBase$OperationState.start(SocketWrapperBase.java:987)
	at org.apache.tomcat.util.net.SocketWrapperBase.vectoredOperation(SocketWrapperBase.java:1358)
	at org.apache.tomcat.util.net.SocketWrapperBase.write(SocketWrapperBase.java:1287)
	at org.apache.tomcat.util.net.SocketWrapperBase.write(SocketWrapperBase.java:1262)
	at org.apache.tomcat.websocket.server.WsRemoteEndpointImplServer.doWrite(WsRemoteEndpointImplServer.java:171)
	at org.apache.tomcat.websocket.WsRemoteEndpointImplBase.writeMessagePart(WsRemoteEndpointImplBase.java:521)
	at org.apache.tomcat.websocket.WsRemoteEndpointImplBase.sendMessageBlockInternal(WsRemoteEndpointImplBase.java:313)
	... 24 common frames omitted
2025-09-30 13:46:07 [SpringApplicationShutdownHook] DEBUG o.s.w.s.s.t.s.WebSocketServerSockJsSession - Failure while sending SockJS close frame
java.io.IOException: java.nio.channels.ClosedChannelException
	at org.apache.tomcat.websocket.WsRemoteEndpointImplBase.sendMessageBlockInternal(WsRemoteEndpointImplBase.java:326)
	at org.apache.tomcat.websocket.WsRemoteEndpointImplBase.sendMessageBlock(WsRemoteEndpointImplBase.java:266)
	at org.apache.tomcat.websocket.WsRemoteEndpointImplBase.sendMessageBlock(WsRemoteEndpointImplBase.java:250)
	at org.apache.tomcat.websocket.WsRemoteEndpointImplBase.sendPartialString(WsRemoteEndpointImplBase.java:223)
	at org.apache.tomcat.websocket.WsRemoteEndpointBasic.sendText(WsRemoteEndpointBasic.java:48)
	at org.springframework.web.socket.adapter.standard.StandardWebSocketSession.sendTextMessage(StandardWebSocketSession.java:217)
	at org.springframework.web.socket.adapter.AbstractWebSocketSession.sendMessage(AbstractWebSocketSession.java:108)
	at org.springframework.web.socket.sockjs.transport.session.WebSocketServerSockJsSession.writeFrameInternal(WebSocketServerSockJsSession.java:228)
	at org.springframework.web.socket.sockjs.transport.session.AbstractSockJsSession.close(AbstractSockJsSession.java:188)
	at org.springframework.web.socket.handler.WebSocketSessionDecorator.close(WebSocketSessionDecorator.java:164)
	at org.springframework.web.socket.handler.ConcurrentWebSocketSessionDecorator.close(ConcurrentWebSocketSessionDecorator.java:279)
	at org.springframework.web.socket.messaging.SubProtocolWebSocketHandler.stop(SubProtocolWebSocketHandler.java:308)
	at org.springframework.web.socket.messaging.SubProtocolWebSocketHandler.stop(SubProtocolWebSocketHandler.java:321)
	at org.springframework.context.support.DefaultLifecycleProcessor.doStop(DefaultLifecycleProcessor.java:463)
	at org.springframework.context.support.DefaultLifecycleProcessor$LifecycleGroup.stop(DefaultLifecycleProcessor.java:618)
	at java.base/java.lang.Iterable.forEach(Iterable.java:75)
	at org.springframework.context.support.DefaultLifecycleProcessor.stopBeans(DefaultLifecycleProcessor.java:432)
	at org.springframework.context.support.DefaultLifecycleProcessor.onClose(DefaultLifecycleProcessor.java:323)
	at org.springframework.context.support.AbstractApplicationContext.doClose(AbstractApplicationContext.java:1172)
	at org.springframework.boot.web.servlet.context.ServletWebServerApplicationContext.doClose(ServletWebServerApplicationContext.java:179)
	at org.springframework.context.support.AbstractApplicationContext.close(AbstractApplicationContext.java:1126)
	at org.springframework.boot.SpringApplicationShutdownHook.closeAndWait(SpringApplicationShutdownHook.java:147)
	at java.base/java.lang.Iterable.forEach(Iterable.java:75)
	at org.springframework.boot.SpringApplicationShutdownHook.run(SpringApplicationShutdownHook.java:116)
	at java.base/java.lang.Thread.run(Thread.java:1583)
Caused by: java.nio.channels.ClosedChannelException: null
	at org.apache.tomcat.util.net.NioChannel$1.write(NioChannel.java:282)
	at org.apache.tomcat.util.net.NioEndpoint$NioSocketWrapper$NioOperationState.run(NioEndpoint.java:1665)
	at org.apache.tomcat.util.net.SocketWrapperBase$OperationState.start(SocketWrapperBase.java:987)
	at org.apache.tomcat.util.net.SocketWrapperBase.vectoredOperation(SocketWrapperBase.java:1358)
	at org.apache.tomcat.util.net.SocketWrapperBase.write(SocketWrapperBase.java:1287)
	at org.apache.tomcat.util.net.SocketWrapperBase.write(SocketWrapperBase.java:1262)
	at org.apache.tomcat.websocket.server.WsRemoteEndpointImplServer.doWrite(WsRemoteEndpointImplServer.java:171)
	at org.apache.tomcat.websocket.WsRemoteEndpointImplBase.writeMessagePart(WsRemoteEndpointImplBase.java:521)
	at org.apache.tomcat.websocket.WsRemoteEndpointImplBase.sendMessageBlockInternal(WsRemoteEndpointImplBase.java:313)
	... 24 common frames omitted
2025-09-30 13:46:07 [SpringApplicationShutdownHook] DEBUG o.s.w.s.h.LoggingWebSocketHandlerDecorator - WebSocketServerSockJsSession[id=qhrkeljr] closed with CloseStatus[code=1001, reason=null]
2025-09-30 13:46:07 [SpringApplicationShutdownHook] DEBUG o.s.w.s.m.SubProtocolWebSocketHandler - Clearing session qhrkeljr
2025-09-30 13:46:07 [SpringApplicationShutdownHook] INFO  c.b.e.config.WebSocketEventListener - user disconnected: 1
2025-09-30 13:46:07 [clientInboundChannel-14] DEBUG org.springframework.web.SimpLogging - Processing DISCONNECT session=qhrkeljr
2025-09-30 13:46:07 [SpringApplicationShutdownHook] DEBUG org.springframework.web.SimpLogging - clientInboundChannel removed WebSocketAnnotationMethodMessageHandler[prefixes=[/app/]]
2025-09-30 13:46:07 [SpringApplicationShutdownHook] INFO  org.springframework.web.SimpLogging - Stopping...
2025-09-30 13:46:07 [SpringApplicationShutdownHook] INFO  org.springframework.web.SimpLogging - BrokerAvailabilityEvent[available=false, SimpleBrokerMessageHandler [org.springframework.messaging.simp.broker.DefaultSubscriptionRegistry@1de36da2]]
2025-09-30 13:46:07 [SpringApplicationShutdownHook] DEBUG org.springframework.web.SimpLogging - clientInboundChannel removed SimpleBrokerMessageHandler [org.springframework.messaging.simp.broker.DefaultSubscriptionRegistry@1de36da2]
2025-09-30 13:46:07 [SpringApplicationShutdownHook] DEBUG org.springframework.web.SimpLogging - brokerChannel removed SimpleBrokerMessageHandler [org.springframework.messaging.simp.broker.DefaultSubscriptionRegistry@1de36da2]
2025-09-30 13:46:07 [SpringApplicationShutdownHook] INFO  org.springframework.web.SimpLogging - Stopped.
2025-09-30 13:46:07 [SpringApplicationShutdownHook] DEBUG org.springframework.web.SimpLogging - clientInboundChannel removed UserDestinationMessageHandler[DefaultUserDestinationResolver[prefix=/user/]]
2025-09-30 13:46:07 [SpringApplicationShutdownHook] DEBUG org.springframework.web.SimpLogging - brokerChannel removed UserDestinationMessageHandler[DefaultUserDestinationResolver[prefix=/user/]]
2025-09-30 14:01:12 [main] INFO  c.b.e.EasychatsystemApplication - Starting EasychatsystemApplication using Java 21.0.8 with PID 98863 (/home/andy/Developments/local/java_workspace/easychatsystem/target/classes started by andy in /home/andy/Developments/local/java_workspace/easychatsystem)
2025-09-30 14:01:12 [main] DEBUG c.b.e.EasychatsystemApplication - Running with Spring Boot v3.5.4, Spring v6.2.9
2025-09-30 14:01:12 [main] INFO  c.b.e.EasychatsystemApplication - No active profile set, falling back to 1 default profile: "default"
2025-09-30 14:01:16 [main] WARN  o.s.b.a.o.j.JpaBaseConfiguration$JpaWebConfiguration - spring.jpa.open-in-view is enabled by default. Therefore, database queries may be performed during view rendering. Explicitly configure spring.jpa.open-in-view to disable this warning
2025-09-30 14:01:16 [main] DEBUG o.s.w.s.s.s.WebSocketHandlerMapping - Patterns [/ws/**] in 'stompWebSocketHandlerMapping'
2025-09-30 14:01:16 [main] DEBUG o.s.w.s.m.m.a.RequestMappingHandlerMapping - 13 mappings in 'requestMappingHandlerMapping'
2025-09-30 14:01:16 [main] DEBUG o.s.w.s.h.SimpleUrlHandlerMapping - Patterns [/webjars/**, /**] in 'resourceHandlerMapping'
2025-09-30 14:01:17 [main] DEBUG o.s.w.s.m.WebSocketAnnotationMethodMessageHandler - 
	c.b.e.c.ChatController:
	{[MESSAGE],[/chat.register]}: register(ChatMessage,SimpMessageHeaderAccessor)
	{[MESSAGE],[/chat.send]}: sendMessage(SendMessageRequest)
	{[MESSAGE],[/chat.typing]}: handleTyping(TypingRequest)
	{[MESSAGE],[/chat.read]}: handleReadReceipt(ReadReceiptRequest)
2025-09-30 14:01:17 [main] DEBUG o.s.w.s.m.WebSocketAnnotationMethodMessageHandler - 
	c.b.e.c.ChatRestController:
	
2025-09-30 14:01:17 [main] DEBUG o.s.w.s.m.WebSocketAnnotationMethodMessageHandler - 
	c.b.e.c.UserController:
	
2025-09-30 14:01:17 [main] DEBUG o.s.w.s.m.WebSocketAnnotationMethodMessageHandler - 
	o.s.b.a.w.s.e.BasicErrorController:
	
2025-09-30 14:01:17 [main] DEBUG o.s.w.s.m.m.a.RequestMappingHandlerAdapter - ControllerAdvice beans: 0 @ModelAttribute, 0 @InitBinder, 1 RequestBodyAdvice, 1 ResponseBodyAdvice
2025-09-30 14:01:17 [main] DEBUG o.s.w.s.m.m.a.ExceptionHandlerExceptionResolver - ControllerAdvice beans: 1 @ExceptionHandler, 1 ResponseBodyAdvice
2025-09-30 14:01:17 [main] DEBUG org.springframework.web.SimpLogging - clientOutboundChannel added SubProtocolWebSocketHandler[StompSubProtocolHandler[v10.stomp, v11.stomp, v12.stomp]]
2025-09-30 14:01:17 [main] DEBUG org.springframework.web.SimpLogging - clientInboundChannel added WebSocketAnnotationMethodMessageHandler[prefixes=[/app/]]
2025-09-30 14:01:17 [main] INFO  org.springframework.web.SimpLogging - Starting...
2025-09-30 14:01:17 [main] DEBUG org.springframework.web.SimpLogging - clientInboundChannel added SimpleBrokerMessageHandler [org.springframework.messaging.simp.broker.DefaultSubscriptionRegistry@3ad6ecc5]
2025-09-30 14:01:17 [main] DEBUG org.springframework.web.SimpLogging - brokerChannel added SimpleBrokerMessageHandler [org.springframework.messaging.simp.broker.DefaultSubscriptionRegistry@3ad6ecc5]
2025-09-30 14:01:17 [main] INFO  org.springframework.web.SimpLogging - BrokerAvailabilityEvent[available=true, SimpleBrokerMessageHandler [org.springframework.messaging.simp.broker.DefaultSubscriptionRegistry@3ad6ecc5]]
2025-09-30 14:01:17 [main] INFO  org.springframework.web.SimpLogging - Started.
2025-09-30 14:01:17 [main] DEBUG org.springframework.web.SimpLogging - clientInboundChannel added UserDestinationMessageHandler[DefaultUserDestinationResolver[prefix=/user/]]
2025-09-30 14:01:17 [main] DEBUG org.springframework.web.SimpLogging - brokerChannel added UserDestinationMessageHandler[DefaultUserDestinationResolver[prefix=/user/]]
2025-09-30 14:01:17 [main] INFO  c.b.e.EasychatsystemApplication - Started EasychatsystemApplication in 5.691 seconds (process running for 6.034)
2025-09-30 14:01:19 [http-nio-8485-exec-1] INFO  o.s.web.servlet.DispatcherServlet - Initializing Servlet 'dispatcherServlet'
2025-09-30 14:01:19 [http-nio-8485-exec-1] DEBUG o.s.web.servlet.DispatcherServlet - Detected StandardServletMultipartResolver
2025-09-30 14:01:19 [http-nio-8485-exec-1] DEBUG o.s.web.servlet.DispatcherServlet - Detected AcceptHeaderLocaleResolver
2025-09-30 14:01:19 [http-nio-8485-exec-1] DEBUG o.s.web.servlet.DispatcherServlet - Detected FixedThemeResolver
2025-09-30 14:01:19 [http-nio-8485-exec-1] DEBUG o.s.web.servlet.DispatcherServlet - Detected org.springframework.web.servlet.view.DefaultRequestToViewNameTranslator@367026f
2025-09-30 14:01:19 [http-nio-8485-exec-1] DEBUG o.s.web.servlet.DispatcherServlet - Detected org.springframework.web.servlet.support.SessionFlashMapManager@6224872f
2025-09-30 14:01:19 [http-nio-8485-exec-1] DEBUG o.s.web.servlet.DispatcherServlet - enableLoggingRequestDetails='false': request parameters and headers will be masked to prevent unsafe logging of potentially sensitive data
2025-09-30 14:01:19 [http-nio-8485-exec-1] INFO  o.s.web.servlet.DispatcherServlet - Completed initialization in 2 ms
2025-09-30 14:01:19 [http-nio-8485-exec-1] DEBUG o.s.web.servlet.DispatcherServlet - GET "/ws/info?t=1759215679202", parameters={masked}
2025-09-30 14:01:19 [http-nio-8485-exec-1] DEBUG o.s.w.s.s.s.WebSocketHandlerMapping - Mapped to org.springframework.web.socket.sockjs.support.SockJsHttpRequestHandler@6d0ef6dc
2025-09-30 14:01:19 [http-nio-8485-exec-1] DEBUG o.s.w.s.s.t.h.DefaultSockJsService - Processing transport request: GET http://localhost:8485/ws/info?t=1759215679202
2025-09-30 14:01:19 [http-nio-8485-exec-1] DEBUG o.s.web.servlet.DispatcherServlet - Completed 200 OK
2025-09-30 14:01:19 [http-nio-8485-exec-2] DEBUG o.s.web.servlet.DispatcherServlet - GET "/ws/211/vhhj5sdz/websocket", parameters={}
2025-09-30 14:01:19 [http-nio-8485-exec-2] DEBUG o.s.w.s.s.s.WebSocketHandlerMapping - Mapped to org.springframework.web.socket.sockjs.support.SockJsHttpRequestHandler@6d0ef6dc
2025-09-30 14:01:19 [http-nio-8485-exec-2] DEBUG o.s.w.s.s.t.h.DefaultSockJsService - Processing transport request: GET http://localhost:8485/ws/211/vhhj5sdz/websocket
2025-09-30 14:01:19 [http-nio-8485-exec-2] DEBUG o.s.web.servlet.DispatcherServlet - Completed 101 SWITCHING_PROTOCOLS
2025-09-30 14:01:19 [http-nio-8485-exec-2] DEBUG o.s.w.s.h.LoggingWebSocketHandlerDecorator - New WebSocketServerSockJsSession[id=vhhj5sdz]
2025-09-30 14:01:19 [clientInboundChannel-2] DEBUG org.springframework.web.SimpLogging - Processing CONNECT session=vhhj5sdz
2025-09-30 14:01:19 [clientInboundChannel-4] DEBUG o.s.w.s.m.WebSocketAnnotationMethodMessageHandler - Searching methods to handle SEND /app/chat.register session=vhhj5sdz, lookupDestination='/chat.register'
2025-09-30 14:01:19 [clientInboundChannel-8] DEBUG org.springframework.web.SimpLogging - Processing SUBSCRIBE /user/queue/message.status id=sub-0 session=vhhj5sdz
2025-09-30 14:01:19 [clientInboundChannel-9] DEBUG org.springframework.web.SimpLogging - Processing SUBSCRIBE destination=/queue/message.status-uservhhj5sdz subscriptionId=sub-0 session=vhhj5sdz payload=byte[0]
2025-09-30 14:01:19 [clientInboundChannel-11] DEBUG org.springframework.web.SimpLogging - Processing SUBSCRIBE /topic/conversation.2 id=sub-1 session=vhhj5sdz
2025-09-30 14:01:19 [clientInboundChannel-4] DEBUG o.s.w.s.m.WebSocketAnnotationMethodMessageHandler - Invoking ChatController#register[2 args]
2025-09-30 14:01:37 [http-nio-8485-exec-5] DEBUG o.s.web.servlet.DispatcherServlet - GET "/api/messages/conversations/2", parameters={}
2025-09-30 14:01:37 [http-nio-8485-exec-5] DEBUG o.s.w.s.m.m.a.RequestMappingHandlerMapping - Mapped to com.binary.easychatsystem.controller.ChatRestController#getConversationMessages(Long, int, int, UserDetails)
2025-09-30 14:01:37 [http-nio-8485-exec-5] INFO  c.b.e.s.impl.ChatMessageServiceImpl - return result: [ChatMessage(messageId=2, content=Hello, mediaType=TEXT, mediaUrl=, mediaMime=, mediaSize=0, senderId=1, recipientId=null, type=CHAT, status=SENT, isDeleted=false, createdAt=2025-09-29T16:02:35.824120, updatedAt=null, readAt=null, conversation=com.binary.easychatsystem.model.ChatConversation@3f57156f), ChatMessage(messageId=1, content=Hi, How are you?, mediaType=TEXT, mediaUrl=null, mediaMime=null, mediaSize=null, senderId=1, recipientId=null, type=CHAT, status=SENT, isDeleted=false, createdAt=2025-09-29T13:23:45.406725, updatedAt=null, readAt=null, conversation=com.binary.easychatsystem.model.ChatConversation@3f57156f)]
2025-09-30 14:01:37 [http-nio-8485-exec-5] DEBUG o.s.w.s.m.m.a.HttpEntityMethodProcessor - Using 'application/json', given [*/*] and supported [application/json, application/*+json]
2025-09-30 14:01:37 [http-nio-8485-exec-5] DEBUG o.s.w.s.m.m.a.HttpEntityMethodProcessor - Writing [[ChatMessage(messageId=2, content=Hello, mediaType=TEXT, mediaUrl=, mediaMime=, mediaSize=0, senderI (truncated)...]
2025-09-30 14:01:37 [http-nio-8485-exec-5] DEBUG o.s.w.s.m.m.a.ExceptionHandlerExceptionResolver - Using @ExceptionHandler com.binary.easychatsystem.exception.GlobalExceptionHandler#handleRuntimeException(RuntimeException)
2025-09-30 14:01:37 [http-nio-8485-exec-5] DEBUG o.s.w.s.m.m.a.HttpEntityMethodProcessor - Found 'Content-Type:application/json' in response
2025-09-30 14:01:37 [http-nio-8485-exec-5] DEBUG o.s.w.s.m.m.a.HttpEntityMethodProcessor - Writing [com.binary.easychatsystem.exception.GlobalExceptionHandler$ErrorResponse@32288e0a]
2025-09-30 14:01:37 [http-nio-8485-exec-5] DEBUG o.s.w.s.m.m.a.ExceptionHandlerExceptionResolver - Resolved [org.springframework.http.converter.HttpMessageNotWritableException: Could not write JSON: Document nesting depth (1001) exceeds the maximum allowed (1000, from `StreamWriteConstraints.getMaxNestingDepth()`)]
2025-09-30 14:01:37 [http-nio-8485-exec-5] DEBUG o.s.web.servlet.DispatcherServlet - Completed 200 OK
2025-09-30 14:02:17 [MessageBroker-3] INFO  o.s.w.s.c.WebSocketMessageBrokerStats - WebSocketSession[1 current WS(1)-HttpStream(0)-HttpPoll(0), 1 total, 0 closed abnormally (0 connect failure, 0 send limit, 0 transport error)], stompSubProtocol[processed CONNECT(1)-CONNECTED(1)-DISCONNECT(0)], stompBrokerRelay[null], inboundChannel[pool size = 12, active threads = 0, queued tasks = 0, completed tasks = 12], outboundChannel[pool size = 1, active threads = 0, queued tasks = 0, completed tasks = 1], sockJsScheduler[pool size = 8, active threads = 1, queued tasks = 2, completed tasks = 14]
2025-09-30 14:04:10 [SpringApplicationShutdownHook] DEBUG org.springframework.web.SimpLogging - clientOutboundChannel removed SubProtocolWebSocketHandler[StompSubProtocolHandler[v10.stomp, v11.stomp, v12.stomp]]
2025-09-30 14:04:10 [SpringApplicationShutdownHook] DEBUG o.s.w.s.s.t.s.WebSocketServerSockJsSession - Closing SockJS session vhhj5sdz with CloseStatus[code=1001, reason=null]
2025-09-30 14:04:10 [SpringApplicationShutdownHook] DEBUG o.s.w.s.h.LoggingWebSocketHandlerDecorator - Transport error in WebSocketServerSockJsSession[id=vhhj5sdz]
java.io.IOException: java.nio.channels.ClosedChannelException
	at org.apache.tomcat.websocket.WsRemoteEndpointImplBase.sendMessageBlockInternal(WsRemoteEndpointImplBase.java:326)
	at org.apache.tomcat.websocket.WsRemoteEndpointImplBase.sendMessageBlock(WsRemoteEndpointImplBase.java:266)
	at org.apache.tomcat.websocket.WsSession.sendCloseMessage(WsSession.java:778)
	at org.apache.tomcat.websocket.WsSession.doClose(WsSession.java:575)
	at org.apache.tomcat.websocket.WsRemoteEndpointImplBase.sendMessageBlockInternal(WsRemoteEndpointImplBase.java:324)
	at org.apache.tomcat.websocket.WsRemoteEndpointImplBase.sendMessageBlock(WsRemoteEndpointImplBase.java:266)
	at org.apache.tomcat.websocket.WsRemoteEndpointImplBase.sendMessageBlock(WsRemoteEndpointImplBase.java:250)
	at org.apache.tomcat.websocket.WsRemoteEndpointImplBase.sendPartialString(WsRemoteEndpointImplBase.java:223)
	at org.apache.tomcat.websocket.WsRemoteEndpointBasic.sendText(WsRemoteEndpointBasic.java:48)
	at org.springframework.web.socket.adapter.standard.StandardWebSocketSession.sendTextMessage(StandardWebSocketSession.java:217)
	at org.springframework.web.socket.adapter.AbstractWebSocketSession.sendMessage(AbstractWebSocketSession.java:108)
	at org.springframework.web.socket.sockjs.transport.session.WebSocketServerSockJsSession.writeFrameInternal(WebSocketServerSockJsSession.java:228)
	at org.springframework.web.socket.sockjs.transport.session.AbstractSockJsSession.close(AbstractSockJsSession.java:188)
	at org.springframework.web.socket.handler.WebSocketSessionDecorator.close(WebSocketSessionDecorator.java:164)
	at org.springframework.web.socket.handler.ConcurrentWebSocketSessionDecorator.close(ConcurrentWebSocketSessionDecorator.java:279)
	at org.springframework.web.socket.messaging.SubProtocolWebSocketHandler.stop(SubProtocolWebSocketHandler.java:308)
	at org.springframework.web.socket.messaging.SubProtocolWebSocketHandler.stop(SubProtocolWebSocketHandler.java:321)
	at org.springframework.context.support.DefaultLifecycleProcessor.doStop(DefaultLifecycleProcessor.java:463)
	at org.springframework.context.support.DefaultLifecycleProcessor$LifecycleGroup.stop(DefaultLifecycleProcessor.java:618)
	at java.base/java.lang.Iterable.forEach(Iterable.java:75)
	at org.springframework.context.support.DefaultLifecycleProcessor.stopBeans(DefaultLifecycleProcessor.java:432)
	at org.springframework.context.support.DefaultLifecycleProcessor.onClose(DefaultLifecycleProcessor.java:323)
	at org.springframework.context.support.AbstractApplicationContext.doClose(AbstractApplicationContext.java:1172)
	at org.springframework.boot.web.servlet.context.ServletWebServerApplicationContext.doClose(ServletWebServerApplicationContext.java:179)
	at org.springframework.context.support.AbstractApplicationContext.close(AbstractApplicationContext.java:1126)
	at org.springframework.boot.SpringApplicationShutdownHook.closeAndWait(SpringApplicationShutdownHook.java:147)
	at java.base/java.lang.Iterable.forEach(Iterable.java:75)
	at org.springframework.boot.SpringApplicationShutdownHook.run(SpringApplicationShutdownHook.java:116)
	at java.base/java.lang.Thread.run(Thread.java:1583)
Caused by: java.nio.channels.ClosedChannelException: null
	at org.apache.tomcat.util.net.NioChannel$1.write(NioChannel.java:282)
	at org.apache.tomcat.util.net.NioEndpoint$NioSocketWrapper$NioOperationState.run(NioEndpoint.java:1665)
	at org.apache.tomcat.util.net.SocketWrapperBase$OperationState.start(SocketWrapperBase.java:987)
	at org.apache.tomcat.util.net.SocketWrapperBase.vectoredOperation(SocketWrapperBase.java:1358)
	at org.apache.tomcat.util.net.SocketWrapperBase.write(SocketWrapperBase.java:1287)
	at org.apache.tomcat.util.net.SocketWrapperBase.write(SocketWrapperBase.java:1262)
	at org.apache.tomcat.websocket.server.WsRemoteEndpointImplServer.doWrite(WsRemoteEndpointImplServer.java:171)
	at org.apache.tomcat.websocket.WsRemoteEndpointImplBase.writeMessagePart(WsRemoteEndpointImplBase.java:521)
	at org.apache.tomcat.websocket.WsRemoteEndpointImplBase.sendMessageBlockInternal(WsRemoteEndpointImplBase.java:313)
	... 24 common frames omitted
2025-09-30 14:04:10 [SpringApplicationShutdownHook] DEBUG o.s.w.s.s.t.s.WebSocketServerSockJsSession - Failure while sending SockJS close frame
java.io.IOException: java.nio.channels.ClosedChannelException
	at org.apache.tomcat.websocket.WsRemoteEndpointImplBase.sendMessageBlockInternal(WsRemoteEndpointImplBase.java:326)
	at org.apache.tomcat.websocket.WsRemoteEndpointImplBase.sendMessageBlock(WsRemoteEndpointImplBase.java:266)
	at org.apache.tomcat.websocket.WsRemoteEndpointImplBase.sendMessageBlock(WsRemoteEndpointImplBase.java:250)
	at org.apache.tomcat.websocket.WsRemoteEndpointImplBase.sendPartialString(WsRemoteEndpointImplBase.java:223)
	at org.apache.tomcat.websocket.WsRemoteEndpointBasic.sendText(WsRemoteEndpointBasic.java:48)
	at org.springframework.web.socket.adapter.standard.StandardWebSocketSession.sendTextMessage(StandardWebSocketSession.java:217)
	at org.springframework.web.socket.adapter.AbstractWebSocketSession.sendMessage(AbstractWebSocketSession.java:108)
	at org.springframework.web.socket.sockjs.transport.session.WebSocketServerSockJsSession.writeFrameInternal(WebSocketServerSockJsSession.java:228)
	at org.springframework.web.socket.sockjs.transport.session.AbstractSockJsSession.close(AbstractSockJsSession.java:188)
	at org.springframework.web.socket.handler.WebSocketSessionDecorator.close(WebSocketSessionDecorator.java:164)
	at org.springframework.web.socket.handler.ConcurrentWebSocketSessionDecorator.close(ConcurrentWebSocketSessionDecorator.java:279)
	at org.springframework.web.socket.messaging.SubProtocolWebSocketHandler.stop(SubProtocolWebSocketHandler.java:308)
	at org.springframework.web.socket.messaging.SubProtocolWebSocketHandler.stop(SubProtocolWebSocketHandler.java:321)
	at org.springframework.context.support.DefaultLifecycleProcessor.doStop(DefaultLifecycleProcessor.java:463)
	at org.springframework.context.support.DefaultLifecycleProcessor$LifecycleGroup.stop(DefaultLifecycleProcessor.java:618)
	at java.base/java.lang.Iterable.forEach(Iterable.java:75)
	at org.springframework.context.support.DefaultLifecycleProcessor.stopBeans(DefaultLifecycleProcessor.java:432)
	at org.springframework.context.support.DefaultLifecycleProcessor.onClose(DefaultLifecycleProcessor.java:323)
	at org.springframework.context.support.AbstractApplicationContext.doClose(AbstractApplicationContext.java:1172)
	at org.springframework.boot.web.servlet.context.ServletWebServerApplicationContext.doClose(ServletWebServerApplicationContext.java:179)
	at org.springframework.context.support.AbstractApplicationContext.close(AbstractApplicationContext.java:1126)
	at org.springframework.boot.SpringApplicationShutdownHook.closeAndWait(SpringApplicationShutdownHook.java:147)
	at java.base/java.lang.Iterable.forEach(Iterable.java:75)
	at org.springframework.boot.SpringApplicationShutdownHook.run(SpringApplicationShutdownHook.java:116)
	at java.base/java.lang.Thread.run(Thread.java:1583)
Caused by: java.nio.channels.ClosedChannelException: null
	at org.apache.tomcat.util.net.NioChannel$1.write(NioChannel.java:282)
	at org.apache.tomcat.util.net.NioEndpoint$NioSocketWrapper$NioOperationState.run(NioEndpoint.java:1665)
	at org.apache.tomcat.util.net.SocketWrapperBase$OperationState.start(SocketWrapperBase.java:987)
	at org.apache.tomcat.util.net.SocketWrapperBase.vectoredOperation(SocketWrapperBase.java:1358)
	at org.apache.tomcat.util.net.SocketWrapperBase.write(SocketWrapperBase.java:1287)
	at org.apache.tomcat.util.net.SocketWrapperBase.write(SocketWrapperBase.java:1262)
	at org.apache.tomcat.websocket.server.WsRemoteEndpointImplServer.doWrite(WsRemoteEndpointImplServer.java:171)
	at org.apache.tomcat.websocket.WsRemoteEndpointImplBase.writeMessagePart(WsRemoteEndpointImplBase.java:521)
	at org.apache.tomcat.websocket.WsRemoteEndpointImplBase.sendMessageBlockInternal(WsRemoteEndpointImplBase.java:313)
	... 24 common frames omitted
2025-09-30 14:04:10 [SpringApplicationShutdownHook] DEBUG o.s.w.s.h.LoggingWebSocketHandlerDecorator - WebSocketServerSockJsSession[id=vhhj5sdz] closed with CloseStatus[code=1001, reason=null]
2025-09-30 14:04:10 [SpringApplicationShutdownHook] DEBUG o.s.w.s.m.SubProtocolWebSocketHandler - Clearing session vhhj5sdz
2025-09-30 14:04:10 [SpringApplicationShutdownHook] INFO  c.b.e.config.WebSocketEventListener - user disconnected: 1
2025-09-30 14:04:10 [clientInboundChannel-14] DEBUG org.springframework.web.SimpLogging - Processing DISCONNECT session=vhhj5sdz
2025-09-30 14:04:10 [SpringApplicationShutdownHook] DEBUG org.springframework.web.SimpLogging - clientInboundChannel removed WebSocketAnnotationMethodMessageHandler[prefixes=[/app/]]
2025-09-30 14:04:10 [SpringApplicationShutdownHook] INFO  org.springframework.web.SimpLogging - Stopping...
2025-09-30 14:04:10 [SpringApplicationShutdownHook] INFO  org.springframework.web.SimpLogging - BrokerAvailabilityEvent[available=false, SimpleBrokerMessageHandler [org.springframework.messaging.simp.broker.DefaultSubscriptionRegistry@3ad6ecc5]]
2025-09-30 14:04:10 [SpringApplicationShutdownHook] DEBUG org.springframework.web.SimpLogging - clientInboundChannel removed SimpleBrokerMessageHandler [org.springframework.messaging.simp.broker.DefaultSubscriptionRegistry@3ad6ecc5]
2025-09-30 14:04:10 [SpringApplicationShutdownHook] DEBUG org.springframework.web.SimpLogging - brokerChannel removed SimpleBrokerMessageHandler [org.springframework.messaging.simp.broker.DefaultSubscriptionRegistry@3ad6ecc5]
2025-09-30 14:04:10 [SpringApplicationShutdownHook] INFO  org.springframework.web.SimpLogging - Stopped.
2025-09-30 14:04:10 [SpringApplicationShutdownHook] DEBUG org.springframework.web.SimpLogging - clientInboundChannel removed UserDestinationMessageHandler[DefaultUserDestinationResolver[prefix=/user/]]
2025-09-30 14:04:10 [SpringApplicationShutdownHook] DEBUG org.springframework.web.SimpLogging - brokerChannel removed UserDestinationMessageHandler[DefaultUserDestinationResolver[prefix=/user/]]
2025-09-30 14:04:24 [main] INFO  c.b.e.EasychatsystemApplication - Starting EasychatsystemApplication using Java 21.0.8 with PID 99243 (/home/andy/Developments/local/java_workspace/easychatsystem/target/classes started by andy in /home/andy/Developments/local/java_workspace/easychatsystem)
2025-09-30 14:04:24 [main] DEBUG c.b.e.EasychatsystemApplication - Running with Spring Boot v3.5.4, Spring v6.2.9
2025-09-30 14:04:24 [main] INFO  c.b.e.EasychatsystemApplication - No active profile set, falling back to 1 default profile: "default"
2025-09-30 14:04:27 [main] ERROR o.s.o.j.LocalContainerEntityManagerFactoryBean - Failed to initialize JPA EntityManagerFactory: Collection 'com.binary.easychatsystem.model.ChatConversation.participants' is 'mappedBy' a property named 'conversation' which does not exist in the target entity 'com.binary.easychatsystem.model.ChatConversationParticipant'
2025-09-30 14:04:27 [main] WARN  o.s.b.w.s.c.AnnotationConfigServletWebServerApplicationContext - Exception encountered during context initialization - cancelling refresh attempt: org.springframework.beans.factory.BeanCreationException: Error creating bean with name 'entityManagerFactory' defined in class path resource [org/springframework/boot/autoconfigure/orm/jpa/HibernateJpaConfiguration.class]: Collection 'com.binary.easychatsystem.model.ChatConversation.participants' is 'mappedBy' a property named 'conversation' which does not exist in the target entity 'com.binary.easychatsystem.model.ChatConversationParticipant'
2025-09-30 14:04:27 [main] ERROR o.s.boot.SpringApplication - Application run failed
org.springframework.beans.factory.BeanCreationException: Error creating bean with name 'entityManagerFactory' defined in class path resource [org/springframework/boot/autoconfigure/orm/jpa/HibernateJpaConfiguration.class]: Collection 'com.binary.easychatsystem.model.ChatConversation.participants' is 'mappedBy' a property named 'conversation' which does not exist in the target entity 'com.binary.easychatsystem.model.ChatConversationParticipant'
	at org.springframework.beans.factory.support.AbstractAutowireCapableBeanFactory.initializeBean(AbstractAutowireCapableBeanFactory.java:1826)
	at org.springframework.beans.factory.support.AbstractAutowireCapableBeanFactory.doCreateBean(AbstractAutowireCapableBeanFactory.java:607)
	at org.springframework.beans.factory.support.AbstractAutowireCapableBeanFactory.createBean(AbstractAutowireCapableBeanFactory.java:529)
	at org.springframework.beans.factory.support.AbstractBeanFactory.lambda$doGetBean$0(AbstractBeanFactory.java:339)
	at org.springframework.beans.factory.support.DefaultSingletonBeanRegistry.getSingleton(DefaultSingletonBeanRegistry.java:373)
	at org.springframework.beans.factory.support.AbstractBeanFactory.doGetBean(AbstractBeanFactory.java:337)
	at org.springframework.beans.factory.support.AbstractBeanFactory.getBean(AbstractBeanFactory.java:207)
	at org.springframework.context.support.AbstractApplicationContext.finishBeanFactoryInitialization(AbstractApplicationContext.java:970)
	at org.springframework.context.support.AbstractApplicationContext.refresh(AbstractApplicationContext.java:627)
	at org.springframework.boot.web.servlet.context.ServletWebServerApplicationContext.refresh(ServletWebServerApplicationContext.java:146)
	at org.springframework.boot.SpringApplication.refresh(SpringApplication.java:752)
	at org.springframework.boot.SpringApplication.refreshContext(SpringApplication.java:439)
	at org.springframework.boot.SpringApplication.run(SpringApplication.java:318)
	at org.springframework.boot.SpringApplication.run(SpringApplication.java:1361)
	at org.springframework.boot.SpringApplication.run(SpringApplication.java:1350)
	at com.binary.easychatsystem.EasychatsystemApplication.main(EasychatsystemApplication.java:10)
Caused by: org.hibernate.AnnotationException: Collection 'com.binary.easychatsystem.model.ChatConversation.participants' is 'mappedBy' a property named 'conversation' which does not exist in the target entity 'com.binary.easychatsystem.model.ChatConversationParticipant'
	at org.hibernate.boot.model.internal.CollectionBinder.isReversePropertyInJoin(CollectionBinder.java:1638)
	at org.hibernate.boot.model.internal.CollectionBinder.noAssociationTable(CollectionBinder.java:1652)
	at org.hibernate.boot.model.internal.CollectionBinder.bindStarToManySecondPass(CollectionBinder.java:1613)
	at org.hibernate.boot.model.internal.CollectionBinder$1.secondPass(CollectionBinder.java:1604)
	at org.hibernate.boot.model.internal.CollectionSecondPass.doSecondPass(CollectionSecondPass.java:45)
	at org.hibernate.boot.internal.InFlightMetadataCollectorImpl.processSecondPasses(InFlightMetadataCollectorImpl.java:1842)
	at org.hibernate.boot.internal.InFlightMetadataCollectorImpl.processSecondPasses(InFlightMetadataCollectorImpl.java:1800)
	at org.hibernate.boot.model.process.spi.MetadataBuildingProcess.complete(MetadataBuildingProcess.java:334)
	at org.hibernate.jpa.boot.internal.EntityManagerFactoryBuilderImpl.metadata(EntityManagerFactoryBuilderImpl.java:1442)
	at org.hibernate.jpa.boot.internal.EntityManagerFactoryBuilderImpl.build(EntityManagerFactoryBuilderImpl.java:1513)
	at org.springframework.orm.jpa.vendor.SpringHibernateJpaPersistenceProvider.createContainerEntityManagerFactory(SpringHibernateJpaPersistenceProvider.java:66)
	at org.springframework.orm.jpa.LocalContainerEntityManagerFactoryBean.createNativeEntityManagerFactory(LocalContainerEntityManagerFactoryBean.java:390)
	at org.springframework.orm.jpa.AbstractEntityManagerFactoryBean.buildNativeEntityManagerFactory(AbstractEntityManagerFactoryBean.java:419)
	at org.springframework.orm.jpa.AbstractEntityManagerFactoryBean.afterPropertiesSet(AbstractEntityManagerFactoryBean.java:400)
	at org.springframework.orm.jpa.LocalContainerEntityManagerFactoryBean.afterPropertiesSet(LocalContainerEntityManagerFactoryBean.java:366)
	at org.springframework.beans.factory.support.AbstractAutowireCapableBeanFactory.invokeInitMethods(AbstractAutowireCapableBeanFactory.java:1873)
	at org.springframework.beans.factory.support.AbstractAutowireCapableBeanFactory.initializeBean(AbstractAutowireCapableBeanFactory.java:1822)
	... 15 common frames omitted
2025-09-30 14:05:17 [main] INFO  c.b.e.EasychatsystemApplication - Starting EasychatsystemApplication using Java 21.0.8 with PID 99397 (/home/andy/Developments/local/java_workspace/easychatsystem/target/classes started by andy in /home/andy/Developments/local/java_workspace/easychatsystem)
2025-09-30 14:05:17 [main] DEBUG c.b.e.EasychatsystemApplication - Running with Spring Boot v3.5.4, Spring v6.2.9
2025-09-30 14:05:17 [main] INFO  c.b.e.EasychatsystemApplication - No active profile set, falling back to 1 default profile: "default"
2025-09-30 14:05:20 [main] ERROR o.s.o.j.LocalContainerEntityManagerFactoryBean - Failed to initialize JPA EntityManagerFactory: Collection 'com.binary.easychatsystem.model.ChatConversation.participants' is 'mappedBy' a property named 'conversation' which does not exist in the target entity 'com.binary.easychatsystem.model.ChatConversationParticipant'
2025-09-30 14:05:20 [main] WARN  o.s.b.w.s.c.AnnotationConfigServletWebServerApplicationContext - Exception encountered during context initialization - cancelling refresh attempt: org.springframework.beans.factory.BeanCreationException: Error creating bean with name 'entityManagerFactory' defined in class path resource [org/springframework/boot/autoconfigure/orm/jpa/HibernateJpaConfiguration.class]: Collection 'com.binary.easychatsystem.model.ChatConversation.participants' is 'mappedBy' a property named 'conversation' which does not exist in the target entity 'com.binary.easychatsystem.model.ChatConversationParticipant'
2025-09-30 14:05:20 [main] ERROR o.s.boot.SpringApplication - Application run failed
org.springframework.beans.factory.BeanCreationException: Error creating bean with name 'entityManagerFactory' defined in class path resource [org/springframework/boot/autoconfigure/orm/jpa/HibernateJpaConfiguration.class]: Collection 'com.binary.easychatsystem.model.ChatConversation.participants' is 'mappedBy' a property named 'conversation' which does not exist in the target entity 'com.binary.easychatsystem.model.ChatConversationParticipant'
	at org.springframework.beans.factory.support.AbstractAutowireCapableBeanFactory.initializeBean(AbstractAutowireCapableBeanFactory.java:1826)
	at org.springframework.beans.factory.support.AbstractAutowireCapableBeanFactory.doCreateBean(AbstractAutowireCapableBeanFactory.java:607)
	at org.springframework.beans.factory.support.AbstractAutowireCapableBeanFactory.createBean(AbstractAutowireCapableBeanFactory.java:529)
	at org.springframework.beans.factory.support.AbstractBeanFactory.lambda$doGetBean$0(AbstractBeanFactory.java:339)
	at org.springframework.beans.factory.support.DefaultSingletonBeanRegistry.getSingleton(DefaultSingletonBeanRegistry.java:373)
	at org.springframework.beans.factory.support.AbstractBeanFactory.doGetBean(AbstractBeanFactory.java:337)
	at org.springframework.beans.factory.support.AbstractBeanFactory.getBean(AbstractBeanFactory.java:207)
	at org.springframework.context.support.AbstractApplicationContext.finishBeanFactoryInitialization(AbstractApplicationContext.java:970)
	at org.springframework.context.support.AbstractApplicationContext.refresh(AbstractApplicationContext.java:627)
	at org.springframework.boot.web.servlet.context.ServletWebServerApplicationContext.refresh(ServletWebServerApplicationContext.java:146)
	at org.springframework.boot.SpringApplication.refresh(SpringApplication.java:752)
	at org.springframework.boot.SpringApplication.refreshContext(SpringApplication.java:439)
	at org.springframework.boot.SpringApplication.run(SpringApplication.java:318)
	at org.springframework.boot.SpringApplication.run(SpringApplication.java:1361)
	at org.springframework.boot.SpringApplication.run(SpringApplication.java:1350)
	at com.binary.easychatsystem.EasychatsystemApplication.main(EasychatsystemApplication.java:10)
Caused by: org.hibernate.AnnotationException: Collection 'com.binary.easychatsystem.model.ChatConversation.participants' is 'mappedBy' a property named 'conversation' which does not exist in the target entity 'com.binary.easychatsystem.model.ChatConversationParticipant'
	at org.hibernate.boot.model.internal.CollectionBinder.isReversePropertyInJoin(CollectionBinder.java:1638)
	at org.hibernate.boot.model.internal.CollectionBinder.noAssociationTable(CollectionBinder.java:1652)
	at org.hibernate.boot.model.internal.CollectionBinder.bindStarToManySecondPass(CollectionBinder.java:1613)
	at org.hibernate.boot.model.internal.CollectionBinder$1.secondPass(CollectionBinder.java:1604)
	at org.hibernate.boot.model.internal.CollectionSecondPass.doSecondPass(CollectionSecondPass.java:45)
	at org.hibernate.boot.internal.InFlightMetadataCollectorImpl.processSecondPasses(InFlightMetadataCollectorImpl.java:1842)
	at org.hibernate.boot.internal.InFlightMetadataCollectorImpl.processSecondPasses(InFlightMetadataCollectorImpl.java:1800)
	at org.hibernate.boot.model.process.spi.MetadataBuildingProcess.complete(MetadataBuildingProcess.java:334)
	at org.hibernate.jpa.boot.internal.EntityManagerFactoryBuilderImpl.metadata(EntityManagerFactoryBuilderImpl.java:1442)
	at org.hibernate.jpa.boot.internal.EntityManagerFactoryBuilderImpl.build(EntityManagerFactoryBuilderImpl.java:1513)
	at org.springframework.orm.jpa.vendor.SpringHibernateJpaPersistenceProvider.createContainerEntityManagerFactory(SpringHibernateJpaPersistenceProvider.java:66)
	at org.springframework.orm.jpa.LocalContainerEntityManagerFactoryBean.createNativeEntityManagerFactory(LocalContainerEntityManagerFactoryBean.java:390)
	at org.springframework.orm.jpa.AbstractEntityManagerFactoryBean.buildNativeEntityManagerFactory(AbstractEntityManagerFactoryBean.java:419)
	at org.springframework.orm.jpa.AbstractEntityManagerFactoryBean.afterPropertiesSet(AbstractEntityManagerFactoryBean.java:400)
	at org.springframework.orm.jpa.LocalContainerEntityManagerFactoryBean.afterPropertiesSet(LocalContainerEntityManagerFactoryBean.java:366)
	at org.springframework.beans.factory.support.AbstractAutowireCapableBeanFactory.invokeInitMethods(AbstractAutowireCapableBeanFactory.java:1873)
	at org.springframework.beans.factory.support.AbstractAutowireCapableBeanFactory.initializeBean(AbstractAutowireCapableBeanFactory.java:1822)
	... 15 common frames omitted
2025-09-30 14:07:16 [main] INFO  c.b.e.EasychatsystemApplication - Starting EasychatsystemApplication using Java 21.0.8 with PID 99628 (/home/andy/Developments/local/java_workspace/easychatsystem/target/classes started by andy in /home/andy/Developments/local/java_workspace/easychatsystem)
2025-09-30 14:07:16 [main] DEBUG c.b.e.EasychatsystemApplication - Running with Spring Boot v3.5.4, Spring v6.2.9
2025-09-30 14:07:16 [main] INFO  c.b.e.EasychatsystemApplication - No active profile set, falling back to 1 default profile: "default"
2025-09-30 14:07:20 [main] WARN  o.s.b.w.s.c.AnnotationConfigServletWebServerApplicationContext - Exception encountered during context initialization - cancelling refresh attempt: org.springframework.beans.factory.UnsatisfiedDependencyException: Error creating bean with name 'chatController' defined in file [/home/andy/Developments/local/java_workspace/easychatsystem/target/classes/com/binary/easychatsystem/controller/ChatController.class]: Unsatisfied dependency expressed through constructor parameter 0: Error creating bean with name 'chatMessageServiceImpl' defined in file [/home/andy/Developments/local/java_workspace/easychatsystem/target/classes/com/binary/easychatsystem/service/impl/ChatMessageServiceImpl.class]: Unsatisfied dependency expressed through constructor parameter 1: Error creating bean with name 'chatConversationRepository' defined in com.binary.easychatsystem.repository.ChatConversationRepository defined in @EnableJpaRepositories declared on JpaRepositoriesRegistrar.EnableJpaRepositoriesConfiguration: Could not create query for public abstract java.util.List com.binary.easychatsystem.repository.ChatConversationRepository.findUserConversations(java.lang.Long); Reason: Validation failed for query for method public abstract java.util.List com.binary.easychatsystem.repository.ChatConversationRepository.findUserConversations(java.lang.Long)
2025-09-30 14:07:20 [main] ERROR o.s.boot.SpringApplication - Application run failed
org.springframework.beans.factory.UnsatisfiedDependencyException: Error creating bean with name 'chatController' defined in file [/home/andy/Developments/local/java_workspace/easychatsystem/target/classes/com/binary/easychatsystem/controller/ChatController.class]: Unsatisfied dependency expressed through constructor parameter 0: Error creating bean with name 'chatMessageServiceImpl' defined in file [/home/andy/Developments/local/java_workspace/easychatsystem/target/classes/com/binary/easychatsystem/service/impl/ChatMessageServiceImpl.class]: Unsatisfied dependency expressed through constructor parameter 1: Error creating bean with name 'chatConversationRepository' defined in com.binary.easychatsystem.repository.ChatConversationRepository defined in @EnableJpaRepositories declared on JpaRepositoriesRegistrar.EnableJpaRepositoriesConfiguration: Could not create query for public abstract java.util.List com.binary.easychatsystem.repository.ChatConversationRepository.findUserConversations(java.lang.Long); Reason: Validation failed for query for method public abstract java.util.List com.binary.easychatsystem.repository.ChatConversationRepository.findUserConversations(java.lang.Long)
	at org.springframework.beans.factory.support.ConstructorResolver.createArgumentArray(ConstructorResolver.java:804)
	at org.springframework.beans.factory.support.ConstructorResolver.autowireConstructor(ConstructorResolver.java:240)
	at org.springframework.beans.factory.support.AbstractAutowireCapableBeanFactory.autowireConstructor(AbstractAutowireCapableBeanFactory.java:1395)
	at org.springframework.beans.factory.support.AbstractAutowireCapableBeanFactory.createBeanInstance(AbstractAutowireCapableBeanFactory.java:1232)
	at org.springframework.beans.factory.support.AbstractAutowireCapableBeanFactory.doCreateBean(AbstractAutowireCapableBeanFactory.java:569)
	at org.springframework.beans.factory.support.AbstractAutowireCapableBeanFactory.createBean(AbstractAutowireCapableBeanFactory.java:529)
	at org.springframework.beans.factory.support.AbstractBeanFactory.lambda$doGetBean$0(AbstractBeanFactory.java:339)
	at org.springframework.beans.factory.support.DefaultSingletonBeanRegistry.getSingleton(DefaultSingletonBeanRegistry.java:373)
	at org.springframework.beans.factory.support.AbstractBeanFactory.doGetBean(AbstractBeanFactory.java:337)
	at org.springframework.beans.factory.support.AbstractBeanFactory.getBean(AbstractBeanFactory.java:202)
	at org.springframework.beans.factory.support.DefaultListableBeanFactory.instantiateSingleton(DefaultListableBeanFactory.java:1222)
	at org.springframework.beans.factory.support.DefaultListableBeanFactory.preInstantiateSingleton(DefaultListableBeanFactory.java:1188)
	at org.springframework.beans.factory.support.DefaultListableBeanFactory.preInstantiateSingletons(DefaultListableBeanFactory.java:1123)
	at org.springframework.context.support.AbstractApplicationContext.finishBeanFactoryInitialization(AbstractApplicationContext.java:987)
	at org.springframework.context.support.AbstractApplicationContext.refresh(AbstractApplicationContext.java:627)
	at org.springframework.boot.web.servlet.context.ServletWebServerApplicationContext.refresh(ServletWebServerApplicationContext.java:146)
	at org.springframework.boot.SpringApplication.refresh(SpringApplication.java:752)
	at org.springframework.boot.SpringApplication.refreshContext(SpringApplication.java:439)
	at org.springframework.boot.SpringApplication.run(SpringApplication.java:318)
	at org.springframework.boot.SpringApplication.run(SpringApplication.java:1361)
	at org.springframework.boot.SpringApplication.run(SpringApplication.java:1350)
	at com.binary.easychatsystem.EasychatsystemApplication.main(EasychatsystemApplication.java:10)
Caused by: org.springframework.beans.factory.UnsatisfiedDependencyException: Error creating bean with name 'chatMessageServiceImpl' defined in file [/home/andy/Developments/local/java_workspace/easychatsystem/target/classes/com/binary/easychatsystem/service/impl/ChatMessageServiceImpl.class]: Unsatisfied dependency expressed through constructor parameter 1: Error creating bean with name 'chatConversationRepository' defined in com.binary.easychatsystem.repository.ChatConversationRepository defined in @EnableJpaRepositories declared on JpaRepositoriesRegistrar.EnableJpaRepositoriesConfiguration: Could not create query for public abstract java.util.List com.binary.easychatsystem.repository.ChatConversationRepository.findUserConversations(java.lang.Long); Reason: Validation failed for query for method public abstract java.util.List com.binary.easychatsystem.repository.ChatConversationRepository.findUserConversations(java.lang.Long)
	at org.springframework.beans.factory.support.ConstructorResolver.createArgumentArray(ConstructorResolver.java:804)
	at org.springframework.beans.factory.support.ConstructorResolver.autowireConstructor(ConstructorResolver.java:240)
	at org.springframework.beans.factory.support.AbstractAutowireCapableBeanFactory.autowireConstructor(AbstractAutowireCapableBeanFactory.java:1395)
	at org.springframework.beans.factory.support.AbstractAutowireCapableBeanFactory.createBeanInstance(AbstractAutowireCapableBeanFactory.java:1232)
	at org.springframework.beans.factory.support.AbstractAutowireCapableBeanFactory.doCreateBean(AbstractAutowireCapableBeanFactory.java:569)
	at org.springframework.beans.factory.support.AbstractAutowireCapableBeanFactory.createBean(AbstractAutowireCapableBeanFactory.java:529)
	at org.springframework.beans.factory.support.AbstractBeanFactory.lambda$doGetBean$0(AbstractBeanFactory.java:339)
	at org.springframework.beans.factory.support.DefaultSingletonBeanRegistry.getSingleton(DefaultSingletonBeanRegistry.java:373)
	at org.springframework.beans.factory.support.AbstractBeanFactory.doGetBean(AbstractBeanFactory.java:337)
	at org.springframework.beans.factory.support.AbstractBeanFactory.getBean(AbstractBeanFactory.java:202)
	at org.springframework.beans.factory.config.DependencyDescriptor.resolveCandidate(DependencyDescriptor.java:254)
	at org.springframework.beans.factory.support.DefaultListableBeanFactory.doResolveDependency(DefaultListableBeanFactory.java:1745)
	at org.springframework.beans.factory.support.DefaultListableBeanFactory.resolveDependency(DefaultListableBeanFactory.java:1628)
	at org.springframework.beans.factory.support.ConstructorResolver.resolveAutowiredArgument(ConstructorResolver.java:913)
	at org.springframework.beans.factory.support.ConstructorResolver.createArgumentArray(ConstructorResolver.java:791)
	... 21 common frames omitted
Caused by: org.springframework.beans.factory.BeanCreationException: Error creating bean with name 'chatConversationRepository' defined in com.binary.easychatsystem.repository.ChatConversationRepository defined in @EnableJpaRepositories declared on JpaRepositoriesRegistrar.EnableJpaRepositoriesConfiguration: Could not create query for public abstract java.util.List com.binary.easychatsystem.repository.ChatConversationRepository.findUserConversations(java.lang.Long); Reason: Validation failed for query for method public abstract java.util.List com.binary.easychatsystem.repository.ChatConversationRepository.findUserConversations(java.lang.Long)
	at org.springframework.beans.factory.support.AbstractAutowireCapableBeanFactory.initializeBean(AbstractAutowireCapableBeanFactory.java:1826)
	at org.springframework.beans.factory.support.AbstractAutowireCapableBeanFactory.doCreateBean(AbstractAutowireCapableBeanFactory.java:607)
	at org.springframework.beans.factory.support.AbstractAutowireCapableBeanFactory.createBean(AbstractAutowireCapableBeanFactory.java:529)
	at org.springframework.beans.factory.support.AbstractBeanFactory.lambda$doGetBean$0(AbstractBeanFactory.java:339)
	at org.springframework.beans.factory.support.DefaultSingletonBeanRegistry.getSingleton(DefaultSingletonBeanRegistry.java:373)
	at org.springframework.beans.factory.support.AbstractBeanFactory.doGetBean(AbstractBeanFactory.java:337)
	at org.springframework.beans.factory.support.AbstractBeanFactory.getBean(AbstractBeanFactory.java:202)
	at org.springframework.beans.factory.config.DependencyDescriptor.resolveCandidate(DependencyDescriptor.java:254)
	at org.springframework.beans.factory.support.DefaultListableBeanFactory.doResolveDependency(DefaultListableBeanFactory.java:1745)
	at org.springframework.beans.factory.support.DefaultListableBeanFactory.resolveDependency(DefaultListableBeanFactory.java:1628)
	at org.springframework.beans.factory.support.ConstructorResolver.resolveAutowiredArgument(ConstructorResolver.java:913)
	at org.springframework.beans.factory.support.ConstructorResolver.createArgumentArray(ConstructorResolver.java:791)
	... 35 common frames omitted
Caused by: org.springframework.data.repository.query.QueryCreationException: Could not create query for public abstract java.util.List com.binary.easychatsystem.repository.ChatConversationRepository.findUserConversations(java.lang.Long); Reason: Validation failed for query for method public abstract java.util.List com.binary.easychatsystem.repository.ChatConversationRepository.findUserConversations(java.lang.Long)
	at org.springframework.data.repository.query.QueryCreationException.create(QueryCreationException.java:101)
	at org.springframework.data.repository.core.support.QueryExecutorMethodInterceptor.lookupQuery(QueryExecutorMethodInterceptor.java:120)
	at org.springframework.data.repository.core.support.QueryExecutorMethodInterceptor.mapMethodsToQuery(QueryExecutorMethodInterceptor.java:104)
	at org.springframework.data.repository.core.support.QueryExecutorMethodInterceptor.lambda$new$0(QueryExecutorMethodInterceptor.java:92)
	at java.base/java.util.Optional.map(Optional.java:260)
	at org.springframework.data.repository.core.support.QueryExecutorMethodInterceptor.<init>(QueryExecutorMethodInterceptor.java:92)
	at org.springframework.data.repository.core.support.RepositoryFactorySupport.getRepository(RepositoryFactorySupport.java:434)
	at org.springframework.data.repository.core.support.RepositoryFactoryBeanSupport.lambda$afterPropertiesSet$4(RepositoryFactoryBeanSupport.java:350)
	at org.springframework.data.util.Lazy.getNullable(Lazy.java:135)
	at org.springframework.data.util.Lazy.get(Lazy.java:113)
	at org.springframework.data.repository.core.support.RepositoryFactoryBeanSupport.afterPropertiesSet(RepositoryFactoryBeanSupport.java:356)
	at org.springframework.data.jpa.repository.support.JpaRepositoryFactoryBean.afterPropertiesSet(JpaRepositoryFactoryBean.java:132)
	at org.springframework.beans.factory.support.AbstractAutowireCapableBeanFactory.invokeInitMethods(AbstractAutowireCapableBeanFactory.java:1873)
	at org.springframework.beans.factory.support.AbstractAutowireCapableBeanFactory.initializeBean(AbstractAutowireCapableBeanFactory.java:1822)
	... 46 common frames omitted
Caused by: java.lang.IllegalArgumentException: Validation failed for query for method public abstract java.util.List com.binary.easychatsystem.repository.ChatConversationRepository.findUserConversations(java.lang.Long)
	at org.springframework.data.jpa.repository.query.SimpleJpaQuery.validateQuery(SimpleJpaQuery.java:97)
	at org.springframework.data.jpa.repository.query.SimpleJpaQuery.<init>(SimpleJpaQuery.java:67)
	at org.springframework.data.jpa.repository.query.JpaQueryFactory.fromMethodWithQueryString(JpaQueryFactory.java:49)
	at org.springframework.data.jpa.repository.query.JpaQueryLookupStrategy$DeclaredQueryLookupStrategy.resolveQuery(JpaQueryLookupStrategy.java:174)
	at org.springframework.data.jpa.repository.query.JpaQueryLookupStrategy$CreateIfNotFoundQueryLookupStrategy.resolveQuery(JpaQueryLookupStrategy.java:254)
	at org.springframework.data.jpa.repository.query.JpaQueryLookupStrategy$AbstractQueryLookupStrategy.resolveQuery(JpaQueryLookupStrategy.java:99)
	at org.springframework.data.repository.core.support.QueryExecutorMethodInterceptor.lookupQuery(QueryExecutorMethodInterceptor.java:116)
	... 58 common frames omitted
Caused by: java.lang.IllegalArgumentException: org.hibernate.query.sqm.UnknownPathException: Could not resolve attribute 'participants' of 'com.binary.easychatsystem.model.ChatConversation' [SELECT DISTINCT c FROM ChatConversation c JOIN c.participants p WHERE p.userId = :userId ORDER BY c.createdAt DESC]
	at org.hibernate.internal.ExceptionConverterImpl.convert(ExceptionConverterImpl.java:143)
	at org.hibernate.internal.ExceptionConverterImpl.convert(ExceptionConverterImpl.java:167)
	at org.hibernate.internal.ExceptionConverterImpl.convert(ExceptionConverterImpl.java:173)
	at org.hibernate.internal.AbstractSharedSessionContract.createQuery(AbstractSharedSessionContract.java:886)
	at org.hibernate.internal.AbstractSharedSessionContract.createQuery(AbstractSharedSessionContract.java:796)
	at org.hibernate.internal.AbstractSharedSessionContract.createQuery(AbstractSharedSessionContract.java:143)
	at java.base/jdk.internal.reflect.DirectMethodHandleAccessor.invoke(DirectMethodHandleAccessor.java:103)
	at java.base/java.lang.reflect.Method.invoke(Method.java:580)
	at org.springframework.orm.jpa.ExtendedEntityManagerCreator$ExtendedEntityManagerInvocationHandler.invoke(ExtendedEntityManagerCreator.java:364)
	at jdk.proxy2/jdk.proxy2.$Proxy136.createQuery(Unknown Source)
	at org.springframework.data.jpa.repository.query.SimpleJpaQuery.validateQuery(SimpleJpaQuery.java:91)
	... 64 common frames omitted
Caused by: org.hibernate.query.sqm.UnknownPathException: Could not resolve attribute 'participants' of 'com.binary.easychatsystem.model.ChatConversation' [SELECT DISTINCT c FROM ChatConversation c JOIN c.participants p WHERE p.userId = :userId ORDER BY c.createdAt DESC]
	at org.hibernate.query.hql.internal.StandardHqlTranslator.translate(StandardHqlTranslator.java:88)
	at org.hibernate.query.internal.QueryInterpretationCacheStandardImpl.createHqlInterpretation(QueryInterpretationCacheStandardImpl.java:145)
	at org.hibernate.query.internal.QueryInterpretationCacheStandardImpl.resolveHqlInterpretation(QueryInterpretationCacheStandardImpl.java:132)
	at org.hibernate.query.spi.QueryEngine.interpretHql(QueryEngine.java:54)
	at org.hibernate.internal.AbstractSharedSessionContract.interpretHql(AbstractSharedSessionContract.java:832)
	at org.hibernate.internal.AbstractSharedSessionContract.createQuery(AbstractSharedSessionContract.java:878)
	... 71 common frames omitted
Caused by: org.hibernate.query.sqm.PathElementException: Could not resolve attribute 'participants' of 'com.binary.easychatsystem.model.ChatConversation'
	at org.hibernate.query.sqm.SqmPathSource.getSubPathSource(SqmPathSource.java:95)
	at org.hibernate.query.hql.internal.QualifiedJoinPathConsumer.createJoin(QualifiedJoinPathConsumer.java:193)
	at org.hibernate.query.hql.internal.QualifiedJoinPathConsumer$AttributeJoinDelegate.consumeIdentifier(QualifiedJoinPathConsumer.java:271)
	at org.hibernate.query.hql.internal.QualifiedJoinPathConsumer.consumeIdentifier(QualifiedJoinPathConsumer.java:107)
	at org.hibernate.query.hql.internal.SemanticQueryBuilder.visitSimplePath(SemanticQueryBuilder.java:5465)
	at org.hibernate.query.hql.internal.SemanticQueryBuilder.visitGeneralPathFragment(SemanticQueryBuilder.java:5298)
	at org.hibernate.query.hql.internal.SemanticQueryBuilder.visitGeneralPathFragment(SemanticQueryBuilder.java:277)
	at org.hibernate.grammars.hql.HqlParser$GeneralPathFragmentContext.accept(HqlParser.java:4789)
	at org.hibernate.query.hql.internal.SemanticQueryBuilder.visitPath(SemanticQueryBuilder.java:5289)
	at org.hibernate.query.hql.internal.SemanticQueryBuilder.visitPath(SemanticQueryBuilder.java:277)
	at org.hibernate.grammars.hql.HqlParser$PathContext.accept(HqlParser.java:4519)
	at org.hibernate.query.hql.internal.SemanticQueryBuilder.getJoin(SemanticQueryBuilder.java:2280)
	at org.hibernate.query.hql.internal.SemanticQueryBuilder.consumeJoin(SemanticQueryBuilder.java:2224)
	at org.hibernate.query.hql.internal.SemanticQueryBuilder.visitEntityWithJoins(SemanticQueryBuilder.java:2037)
	at org.hibernate.query.hql.internal.SemanticQueryBuilder.visitFromClause(SemanticQueryBuilder.java:2016)
	at org.hibernate.query.hql.internal.SemanticQueryBuilder.visitQuery(SemanticQueryBuilder.java:1248)
	at org.hibernate.query.hql.internal.SemanticQueryBuilder.visitQuerySpecExpression(SemanticQueryBuilder.java:1040)
	at org.hibernate.query.hql.internal.SemanticQueryBuilder.visitQuerySpecExpression(SemanticQueryBuilder.java:277)
	at org.hibernate.grammars.hql.HqlParser$QuerySpecExpressionContext.accept(HqlParser.java:2134)
	at org.hibernate.query.hql.internal.SemanticQueryBuilder.visitSimpleQueryGroup(SemanticQueryBuilder.java:1025)
	at org.hibernate.query.hql.internal.SemanticQueryBuilder.visitSimpleQueryGroup(SemanticQueryBuilder.java:277)
	at org.hibernate.grammars.hql.HqlParser$SimpleQueryGroupContext.accept(HqlParser.java:2005)
	at org.hibernate.query.hql.internal.SemanticQueryBuilder.visitSelectStatement(SemanticQueryBuilder.java:492)
	at org.hibernate.query.hql.internal.SemanticQueryBuilder.visitStatement(SemanticQueryBuilder.java:451)
	at org.hibernate.query.hql.internal.SemanticQueryBuilder.buildSemanticModel(SemanticQueryBuilder.java:324)
	at org.hibernate.query.hql.internal.StandardHqlTranslator.translate(StandardHqlTranslator.java:71)
	... 76 common frames omitted
2025-09-30 14:22:30 [main] INFO  c.b.e.EasychatsystemApplication - Starting EasychatsystemApplication using Java 21.0.8 with PID 101302 (/home/andy/Developments/local/java_workspace/easychatsystem/target/classes started by andy in /home/andy/Developments/local/java_workspace/easychatsystem)
2025-09-30 14:22:30 [main] DEBUG c.b.e.EasychatsystemApplication - Running with Spring Boot v3.5.4, Spring v6.2.9
2025-09-30 14:22:30 [main] INFO  c.b.e.EasychatsystemApplication - No active profile set, falling back to 1 default profile: "default"
2025-09-30 14:22:34 [main] WARN  o.s.b.a.o.j.JpaBaseConfiguration$JpaWebConfiguration - spring.jpa.open-in-view is enabled by default. Therefore, database queries may be performed during view rendering. Explicitly configure spring.jpa.open-in-view to disable this warning
2025-09-30 14:22:35 [main] DEBUG o.s.w.s.s.s.WebSocketHandlerMapping - Patterns [/ws/**] in 'stompWebSocketHandlerMapping'
2025-09-30 14:22:35 [main] DEBUG o.s.w.s.m.m.a.RequestMappingHandlerMapping - 13 mappings in 'requestMappingHandlerMapping'
2025-09-30 14:22:35 [main] DEBUG o.s.w.s.h.SimpleUrlHandlerMapping - Patterns [/webjars/**, /**] in 'resourceHandlerMapping'
2025-09-30 14:22:35 [main] DEBUG o.s.w.s.m.WebSocketAnnotationMethodMessageHandler - 
	c.b.e.c.ChatController:
	{[MESSAGE],[/chat.register]}: register(ChatMessage,SimpMessageHeaderAccessor)
	{[MESSAGE],[/chat.send]}: sendMessage(SendMessageRequest)
	{[MESSAGE],[/chat.typing]}: handleTyping(TypingRequest)
	{[MESSAGE],[/chat.read]}: handleReadReceipt(ReadReceiptRequest)
2025-09-30 14:22:35 [main] DEBUG o.s.w.s.m.WebSocketAnnotationMethodMessageHandler - 
	c.b.e.c.ChatRestController:
	
2025-09-30 14:22:35 [main] DEBUG o.s.w.s.m.WebSocketAnnotationMethodMessageHandler - 
	c.b.e.c.UserController:
	
2025-09-30 14:22:35 [main] DEBUG o.s.w.s.m.WebSocketAnnotationMethodMessageHandler - 
	o.s.b.a.w.s.e.BasicErrorController:
	
2025-09-30 14:22:35 [main] DEBUG o.s.w.s.m.m.a.RequestMappingHandlerAdapter - ControllerAdvice beans: 0 @ModelAttribute, 0 @InitBinder, 1 RequestBodyAdvice, 1 ResponseBodyAdvice
2025-09-30 14:22:35 [main] DEBUG o.s.w.s.m.m.a.ExceptionHandlerExceptionResolver - ControllerAdvice beans: 1 @ExceptionHandler, 1 ResponseBodyAdvice
2025-09-30 14:22:35 [main] DEBUG org.springframework.web.SimpLogging - clientOutboundChannel added SubProtocolWebSocketHandler[StompSubProtocolHandler[v10.stomp, v11.stomp, v12.stomp]]
2025-09-30 14:22:35 [main] DEBUG org.springframework.web.SimpLogging - clientInboundChannel added WebSocketAnnotationMethodMessageHandler[prefixes=[/app/]]
2025-09-30 14:22:35 [main] INFO  org.springframework.web.SimpLogging - Starting...
2025-09-30 14:22:35 [main] DEBUG org.springframework.web.SimpLogging - clientInboundChannel added SimpleBrokerMessageHandler [org.springframework.messaging.simp.broker.DefaultSubscriptionRegistry@48c6107a]
2025-09-30 14:22:35 [main] DEBUG org.springframework.web.SimpLogging - brokerChannel added SimpleBrokerMessageHandler [org.springframework.messaging.simp.broker.DefaultSubscriptionRegistry@48c6107a]
2025-09-30 14:22:35 [main] INFO  org.springframework.web.SimpLogging - BrokerAvailabilityEvent[available=true, SimpleBrokerMessageHandler [org.springframework.messaging.simp.broker.DefaultSubscriptionRegistry@48c6107a]]
2025-09-30 14:22:35 [main] INFO  org.springframework.web.SimpLogging - Started.
2025-09-30 14:22:35 [main] DEBUG org.springframework.web.SimpLogging - clientInboundChannel added UserDestinationMessageHandler[DefaultUserDestinationResolver[prefix=/user/]]
2025-09-30 14:22:35 [main] DEBUG org.springframework.web.SimpLogging - brokerChannel added UserDestinationMessageHandler[DefaultUserDestinationResolver[prefix=/user/]]
2025-09-30 14:22:35 [main] INFO  c.b.e.EasychatsystemApplication - Started EasychatsystemApplication in 5.591 seconds (process running for 5.906)
2025-09-30 14:22:40 [http-nio-8485-exec-1] INFO  o.s.web.servlet.DispatcherServlet - Initializing Servlet 'dispatcherServlet'
2025-09-30 14:22:40 [http-nio-8485-exec-1] DEBUG o.s.web.servlet.DispatcherServlet - Detected StandardServletMultipartResolver
2025-09-30 14:22:40 [http-nio-8485-exec-1] DEBUG o.s.web.servlet.DispatcherServlet - Detected AcceptHeaderLocaleResolver
2025-09-30 14:22:40 [http-nio-8485-exec-1] DEBUG o.s.web.servlet.DispatcherServlet - Detected FixedThemeResolver
2025-09-30 14:22:40 [http-nio-8485-exec-1] DEBUG o.s.web.servlet.DispatcherServlet - Detected org.springframework.web.servlet.view.DefaultRequestToViewNameTranslator@4d0042eb
2025-09-30 14:22:40 [http-nio-8485-exec-1] DEBUG o.s.web.servlet.DispatcherServlet - Detected org.springframework.web.servlet.support.SessionFlashMapManager@12f1b76c
2025-09-30 14:22:40 [http-nio-8485-exec-1] DEBUG o.s.web.servlet.DispatcherServlet - enableLoggingRequestDetails='false': request parameters and headers will be masked to prevent unsafe logging of potentially sensitive data
2025-09-30 14:22:40 [http-nio-8485-exec-1] INFO  o.s.web.servlet.DispatcherServlet - Completed initialization in 1 ms
2025-09-30 14:22:40 [http-nio-8485-exec-1] DEBUG o.s.web.servlet.DispatcherServlet - GET "/ws/info?t=1759216960203", parameters={masked}
2025-09-30 14:22:40 [http-nio-8485-exec-1] DEBUG o.s.w.s.s.s.WebSocketHandlerMapping - Mapped to org.springframework.web.socket.sockjs.support.SockJsHttpRequestHandler@597050fa
2025-09-30 14:22:40 [http-nio-8485-exec-1] DEBUG o.s.w.s.s.t.h.DefaultSockJsService - Processing transport request: GET http://localhost:8485/ws/info?t=1759216960203
2025-09-30 14:22:40 [http-nio-8485-exec-1] DEBUG o.s.web.servlet.DispatcherServlet - Completed 200 OK
2025-09-30 14:22:40 [http-nio-8485-exec-2] DEBUG o.s.web.servlet.DispatcherServlet - GET "/ws/067/gvzud1ki/websocket", parameters={}
2025-09-30 14:22:40 [http-nio-8485-exec-2] DEBUG o.s.w.s.s.s.WebSocketHandlerMapping - Mapped to org.springframework.web.socket.sockjs.support.SockJsHttpRequestHandler@597050fa
2025-09-30 14:22:40 [http-nio-8485-exec-2] DEBUG o.s.w.s.s.t.h.DefaultSockJsService - Processing transport request: GET http://localhost:8485/ws/067/gvzud1ki/websocket
2025-09-30 14:22:40 [http-nio-8485-exec-2] DEBUG o.s.web.servlet.DispatcherServlet - Completed 101 SWITCHING_PROTOCOLS
2025-09-30 14:22:40 [http-nio-8485-exec-2] DEBUG o.s.w.s.h.LoggingWebSocketHandlerDecorator - New WebSocketServerSockJsSession[id=gvzud1ki]
2025-09-30 14:22:40 [clientInboundChannel-2] DEBUG org.springframework.web.SimpLogging - Processing CONNECT session=gvzud1ki
2025-09-30 14:22:40 [clientInboundChannel-4] DEBUG o.s.w.s.m.WebSocketAnnotationMethodMessageHandler - Searching methods to handle SEND /app/chat.register session=gvzud1ki, lookupDestination='/chat.register'
2025-09-30 14:22:40 [clientInboundChannel-8] DEBUG org.springframework.web.SimpLogging - Processing SUBSCRIBE /user/queue/message.status id=sub-0 session=gvzud1ki
2025-09-30 14:22:40 [clientInboundChannel-9] DEBUG org.springframework.web.SimpLogging - Processing SUBSCRIBE destination=/queue/message.status-usergvzud1ki subscriptionId=sub-0 session=gvzud1ki payload=byte[0]
2025-09-30 14:22:40 [clientInboundChannel-11] DEBUG org.springframework.web.SimpLogging - Processing SUBSCRIBE /topic/conversation.2 id=sub-1 session=gvzud1ki
2025-09-30 14:22:40 [clientInboundChannel-4] DEBUG o.s.w.s.m.WebSocketAnnotationMethodMessageHandler - Invoking ChatController#register[2 args]
2025-09-30 14:22:40 [clientInboundChannel-4] WARN  o.s.m.c.MappingJackson2MessageConverter - Failed to evaluate Jackson deserialization for type [[simple type, class com.binary.easychatsystem.model.ChatMessage]]: com.fasterxml.jackson.databind.exc.InvalidDefinitionException: Cannot handle managed/back reference 'defaultReference': no back reference property found from type `java.util.List<com.binary.easychatsystem.model.ChatConversationParticipant>`
2025-09-30 14:22:40 [clientInboundChannel-4] DEBUG org.springframework.web.SimpLogging - Could not resolve parameter [0] in public void com.binary.easychatsystem.controller.ChatController.register(com.binary.easychatsystem.model.ChatMessage,org.springframework.messaging.simp.SimpMessageHeaderAccessor): Cannot convert from [[B] to [com.binary.easychatsystem.model.ChatMessage] for GenericMessage [payload=byte[16], headers={simpMessageType=MESSAGE, stompCommand=SEND, nativeHeaders={destination=[/app/chat.register], content-length=[16]}, simpSessionAttributes={}, simpHeartbeat=[J@4ba7af55, lookupDestination=/chat.register, simpSessionId=gvzud1ki, simpDestination=/app/chat.register}]
2025-09-30 14:22:40 [clientInboundChannel-4] DEBUG o.s.w.s.m.WebSocketAnnotationMethodMessageHandler - Searching methods to handle MessageConversionException
2025-09-30 14:22:40 [clientInboundChannel-4] ERROR o.s.w.s.m.WebSocketAnnotationMethodMessageHandler - Unhandled exception from message handler method
org.springframework.messaging.converter.MessageConversionException: Cannot convert from [[B] to [com.binary.easychatsystem.model.ChatMessage] for GenericMessage [payload=byte[16], headers={simpMessageType=MESSAGE, stompCommand=SEND, nativeHeaders={destination=[/app/chat.register], content-length=[16]}, simpSessionAttributes={}, simpHeartbeat=[J@4ba7af55, lookupDestination=/chat.register, simpSessionId=gvzud1ki, simpDestination=/app/chat.register}]
	at org.springframework.messaging.handler.annotation.support.PayloadMethodArgumentResolver.resolveArgument(PayloadMethodArgumentResolver.java:151)
	at org.springframework.messaging.handler.invocation.HandlerMethodArgumentResolverComposite.resolveArgument(HandlerMethodArgumentResolverComposite.java:118)
	at org.springframework.messaging.handler.invocation.InvocableHandlerMethod.getMethodArgumentValues(InvocableHandlerMethod.java:147)
	at org.springframework.messaging.handler.invocation.InvocableHandlerMethod.invoke(InvocableHandlerMethod.java:115)
	at org.springframework.messaging.handler.invocation.AbstractMethodMessageHandler.handleMatch(AbstractMethodMessageHandler.java:568)
	at org.springframework.messaging.simp.annotation.support.SimpAnnotationMethodMessageHandler.handleMatch(SimpAnnotationMethodMessageHandler.java:530)
	at org.springframework.messaging.simp.annotation.support.SimpAnnotationMethodMessageHandler.handleMatch(SimpAnnotationMethodMessageHandler.java:93)
	at org.springframework.messaging.handler.invocation.AbstractMethodMessageHandler.handleMessageInternal(AbstractMethodMessageHandler.java:522)
	at org.springframework.messaging.handler.invocation.AbstractMethodMessageHandler.handleMessage(AbstractMethodMessageHandler.java:457)
	at org.springframework.messaging.support.ExecutorSubscribableChannel$SendTask.run(ExecutorSubscribableChannel.java:152)
	at java.base/java.util.concurrent.ThreadPoolExecutor.runWorker(ThreadPoolExecutor.java:1144)
	at java.base/java.util.concurrent.ThreadPoolExecutor$Worker.run(ThreadPoolExecutor.java:642)
	at java.base/java.lang.Thread.run(Thread.java:1583)
2025-09-30 14:23:35 [MessageBroker-3] INFO  o.s.w.s.c.WebSocketMessageBrokerStats - WebSocketSession[1 current WS(1)-HttpStream(0)-HttpPoll(0), 1 total, 0 closed abnormally (0 connect failure, 0 send limit, 0 transport error)], stompSubProtocol[processed CONNECT(1)-CONNECTED(1)-DISCONNECT(0)], stompBrokerRelay[null], inboundChannel[pool size = 12, active threads = 0, queued tasks = 0, completed tasks = 12], outboundChannel[pool size = 1, active threads = 0, queued tasks = 0, completed tasks = 1], sockJsScheduler[pool size = 8, active threads = 1, queued tasks = 2, completed tasks = 14]
2025-09-30 14:26:33 [SpringApplicationShutdownHook] DEBUG org.springframework.web.SimpLogging - clientOutboundChannel removed SubProtocolWebSocketHandler[StompSubProtocolHandler[v10.stomp, v11.stomp, v12.stomp]]
2025-09-30 14:26:33 [SpringApplicationShutdownHook] DEBUG o.s.w.s.s.t.s.WebSocketServerSockJsSession - Closing SockJS session gvzud1ki with CloseStatus[code=1001, reason=null]
2025-09-30 14:26:33 [SpringApplicationShutdownHook] DEBUG o.s.w.s.h.LoggingWebSocketHandlerDecorator - Transport error in WebSocketServerSockJsSession[id=gvzud1ki]
java.io.IOException: java.nio.channels.ClosedChannelException
	at org.apache.tomcat.websocket.WsRemoteEndpointImplBase.sendMessageBlockInternal(WsRemoteEndpointImplBase.java:326)
	at org.apache.tomcat.websocket.WsRemoteEndpointImplBase.sendMessageBlock(WsRemoteEndpointImplBase.java:266)
	at org.apache.tomcat.websocket.WsSession.sendCloseMessage(WsSession.java:778)
	at org.apache.tomcat.websocket.WsSession.doClose(WsSession.java:575)
	at org.apache.tomcat.websocket.WsRemoteEndpointImplBase.sendMessageBlockInternal(WsRemoteEndpointImplBase.java:324)
	at org.apache.tomcat.websocket.WsRemoteEndpointImplBase.sendMessageBlock(WsRemoteEndpointImplBase.java:266)
	at org.apache.tomcat.websocket.WsRemoteEndpointImplBase.sendMessageBlock(WsRemoteEndpointImplBase.java:250)
	at org.apache.tomcat.websocket.WsRemoteEndpointImplBase.sendPartialString(WsRemoteEndpointImplBase.java:223)
	at org.apache.tomcat.websocket.WsRemoteEndpointBasic.sendText(WsRemoteEndpointBasic.java:48)
	at org.springframework.web.socket.adapter.standard.StandardWebSocketSession.sendTextMessage(StandardWebSocketSession.java:217)
	at org.springframework.web.socket.adapter.AbstractWebSocketSession.sendMessage(AbstractWebSocketSession.java:108)
	at org.springframework.web.socket.sockjs.transport.session.WebSocketServerSockJsSession.writeFrameInternal(WebSocketServerSockJsSession.java:228)
	at org.springframework.web.socket.sockjs.transport.session.AbstractSockJsSession.close(AbstractSockJsSession.java:188)
	at org.springframework.web.socket.handler.WebSocketSessionDecorator.close(WebSocketSessionDecorator.java:164)
	at org.springframework.web.socket.handler.ConcurrentWebSocketSessionDecorator.close(ConcurrentWebSocketSessionDecorator.java:279)
	at org.springframework.web.socket.messaging.SubProtocolWebSocketHandler.stop(SubProtocolWebSocketHandler.java:308)
	at org.springframework.web.socket.messaging.SubProtocolWebSocketHandler.stop(SubProtocolWebSocketHandler.java:321)
	at org.springframework.context.support.DefaultLifecycleProcessor.doStop(DefaultLifecycleProcessor.java:463)
	at org.springframework.context.support.DefaultLifecycleProcessor$LifecycleGroup.stop(DefaultLifecycleProcessor.java:618)
	at java.base/java.lang.Iterable.forEach(Iterable.java:75)
	at org.springframework.context.support.DefaultLifecycleProcessor.stopBeans(DefaultLifecycleProcessor.java:432)
	at org.springframework.context.support.DefaultLifecycleProcessor.onClose(DefaultLifecycleProcessor.java:323)
	at org.springframework.context.support.AbstractApplicationContext.doClose(AbstractApplicationContext.java:1172)
	at org.springframework.boot.web.servlet.context.ServletWebServerApplicationContext.doClose(ServletWebServerApplicationContext.java:179)
	at org.springframework.context.support.AbstractApplicationContext.close(AbstractApplicationContext.java:1126)
	at org.springframework.boot.SpringApplicationShutdownHook.closeAndWait(SpringApplicationShutdownHook.java:147)
	at java.base/java.lang.Iterable.forEach(Iterable.java:75)
	at org.springframework.boot.SpringApplicationShutdownHook.run(SpringApplicationShutdownHook.java:116)
	at java.base/java.lang.Thread.run(Thread.java:1583)
Caused by: java.nio.channels.ClosedChannelException: null
	at org.apache.tomcat.util.net.NioChannel$1.write(NioChannel.java:282)
	at org.apache.tomcat.util.net.NioEndpoint$NioSocketWrapper$NioOperationState.run(NioEndpoint.java:1665)
	at org.apache.tomcat.util.net.SocketWrapperBase$OperationState.start(SocketWrapperBase.java:987)
	at org.apache.tomcat.util.net.SocketWrapperBase.vectoredOperation(SocketWrapperBase.java:1358)
	at org.apache.tomcat.util.net.SocketWrapperBase.write(SocketWrapperBase.java:1287)
	at org.apache.tomcat.util.net.SocketWrapperBase.write(SocketWrapperBase.java:1262)
	at org.apache.tomcat.websocket.server.WsRemoteEndpointImplServer.doWrite(WsRemoteEndpointImplServer.java:171)
	at org.apache.tomcat.websocket.WsRemoteEndpointImplBase.writeMessagePart(WsRemoteEndpointImplBase.java:521)
	at org.apache.tomcat.websocket.WsRemoteEndpointImplBase.sendMessageBlockInternal(WsRemoteEndpointImplBase.java:313)
	... 24 common frames omitted
2025-09-30 14:26:33 [SpringApplicationShutdownHook] DEBUG o.s.w.s.s.t.s.WebSocketServerSockJsSession - Failure while sending SockJS close frame
java.io.IOException: java.nio.channels.ClosedChannelException
	at org.apache.tomcat.websocket.WsRemoteEndpointImplBase.sendMessageBlockInternal(WsRemoteEndpointImplBase.java:326)
	at org.apache.tomcat.websocket.WsRemoteEndpointImplBase.sendMessageBlock(WsRemoteEndpointImplBase.java:266)
	at org.apache.tomcat.websocket.WsRemoteEndpointImplBase.sendMessageBlock(WsRemoteEndpointImplBase.java:250)
	at org.apache.tomcat.websocket.WsRemoteEndpointImplBase.sendPartialString(WsRemoteEndpointImplBase.java:223)
	at org.apache.tomcat.websocket.WsRemoteEndpointBasic.sendText(WsRemoteEndpointBasic.java:48)
	at org.springframework.web.socket.adapter.standard.StandardWebSocketSession.sendTextMessage(StandardWebSocketSession.java:217)
	at org.springframework.web.socket.adapter.AbstractWebSocketSession.sendMessage(AbstractWebSocketSession.java:108)
	at org.springframework.web.socket.sockjs.transport.session.WebSocketServerSockJsSession.writeFrameInternal(WebSocketServerSockJsSession.java:228)
	at org.springframework.web.socket.sockjs.transport.session.AbstractSockJsSession.close(AbstractSockJsSession.java:188)
	at org.springframework.web.socket.handler.WebSocketSessionDecorator.close(WebSocketSessionDecorator.java:164)
	at org.springframework.web.socket.handler.ConcurrentWebSocketSessionDecorator.close(ConcurrentWebSocketSessionDecorator.java:279)
	at org.springframework.web.socket.messaging.SubProtocolWebSocketHandler.stop(SubProtocolWebSocketHandler.java:308)
	at org.springframework.web.socket.messaging.SubProtocolWebSocketHandler.stop(SubProtocolWebSocketHandler.java:321)
	at org.springframework.context.support.DefaultLifecycleProcessor.doStop(DefaultLifecycleProcessor.java:463)
	at org.springframework.context.support.DefaultLifecycleProcessor$LifecycleGroup.stop(DefaultLifecycleProcessor.java:618)
	at java.base/java.lang.Iterable.forEach(Iterable.java:75)
	at org.springframework.context.support.DefaultLifecycleProcessor.stopBeans(DefaultLifecycleProcessor.java:432)
	at org.springframework.context.support.DefaultLifecycleProcessor.onClose(DefaultLifecycleProcessor.java:323)
	at org.springframework.context.support.AbstractApplicationContext.doClose(AbstractApplicationContext.java:1172)
	at org.springframework.boot.web.servlet.context.ServletWebServerApplicationContext.doClose(ServletWebServerApplicationContext.java:179)
	at org.springframework.context.support.AbstractApplicationContext.close(AbstractApplicationContext.java:1126)
	at org.springframework.boot.SpringApplicationShutdownHook.closeAndWait(SpringApplicationShutdownHook.java:147)
	at java.base/java.lang.Iterable.forEach(Iterable.java:75)
	at org.springframework.boot.SpringApplicationShutdownHook.run(SpringApplicationShutdownHook.java:116)
	at java.base/java.lang.Thread.run(Thread.java:1583)
Caused by: java.nio.channels.ClosedChannelException: null
	at org.apache.tomcat.util.net.NioChannel$1.write(NioChannel.java:282)
	at org.apache.tomcat.util.net.NioEndpoint$NioSocketWrapper$NioOperationState.run(NioEndpoint.java:1665)
	at org.apache.tomcat.util.net.SocketWrapperBase$OperationState.start(SocketWrapperBase.java:987)
	at org.apache.tomcat.util.net.SocketWrapperBase.vectoredOperation(SocketWrapperBase.java:1358)
	at org.apache.tomcat.util.net.SocketWrapperBase.write(SocketWrapperBase.java:1287)
	at org.apache.tomcat.util.net.SocketWrapperBase.write(SocketWrapperBase.java:1262)
	at org.apache.tomcat.websocket.server.WsRemoteEndpointImplServer.doWrite(WsRemoteEndpointImplServer.java:171)
	at org.apache.tomcat.websocket.WsRemoteEndpointImplBase.writeMessagePart(WsRemoteEndpointImplBase.java:521)
	at org.apache.tomcat.websocket.WsRemoteEndpointImplBase.sendMessageBlockInternal(WsRemoteEndpointImplBase.java:313)
	... 24 common frames omitted
2025-09-30 14:26:33 [SpringApplicationShutdownHook] DEBUG o.s.w.s.h.LoggingWebSocketHandlerDecorator - WebSocketServerSockJsSession[id=gvzud1ki] closed with CloseStatus[code=1001, reason=null]
2025-09-30 14:26:33 [SpringApplicationShutdownHook] DEBUG o.s.w.s.m.SubProtocolWebSocketHandler - Clearing session gvzud1ki
2025-09-30 14:26:33 [clientInboundChannel-14] DEBUG org.springframework.web.SimpLogging - Processing DISCONNECT session=gvzud1ki
2025-09-30 14:26:33 [SpringApplicationShutdownHook] DEBUG org.springframework.web.SimpLogging - clientInboundChannel removed WebSocketAnnotationMethodMessageHandler[prefixes=[/app/]]
2025-09-30 14:26:33 [SpringApplicationShutdownHook] INFO  org.springframework.web.SimpLogging - Stopping...
2025-09-30 14:26:33 [SpringApplicationShutdownHook] INFO  org.springframework.web.SimpLogging - BrokerAvailabilityEvent[available=false, SimpleBrokerMessageHandler [org.springframework.messaging.simp.broker.DefaultSubscriptionRegistry@48c6107a]]
2025-09-30 14:26:33 [SpringApplicationShutdownHook] DEBUG org.springframework.web.SimpLogging - clientInboundChannel removed SimpleBrokerMessageHandler [org.springframework.messaging.simp.broker.DefaultSubscriptionRegistry@48c6107a]
2025-09-30 14:26:33 [SpringApplicationShutdownHook] DEBUG org.springframework.web.SimpLogging - brokerChannel removed SimpleBrokerMessageHandler [org.springframework.messaging.simp.broker.DefaultSubscriptionRegistry@48c6107a]
2025-09-30 14:26:33 [SpringApplicationShutdownHook] INFO  org.springframework.web.SimpLogging - Stopped.
2025-09-30 14:26:33 [SpringApplicationShutdownHook] DEBUG org.springframework.web.SimpLogging - clientInboundChannel removed UserDestinationMessageHandler[DefaultUserDestinationResolver[prefix=/user/]]
2025-09-30 14:26:33 [SpringApplicationShutdownHook] DEBUG org.springframework.web.SimpLogging - brokerChannel removed UserDestinationMessageHandler[DefaultUserDestinationResolver[prefix=/user/]]
2025-09-30 14:26:45 [main] INFO  c.b.e.EasychatsystemApplication - Starting EasychatsystemApplication using Java 21.0.8 with PID 101730 (/home/andy/Developments/local/java_workspace/easychatsystem/target/classes started by andy in /home/andy/Developments/local/java_workspace/easychatsystem)
2025-09-30 14:26:45 [main] DEBUG c.b.e.EasychatsystemApplication - Running with Spring Boot v3.5.4, Spring v6.2.9
2025-09-30 14:26:45 [main] INFO  c.b.e.EasychatsystemApplication - No active profile set, falling back to 1 default profile: "default"
2025-09-30 14:26:49 [main] WARN  o.s.b.a.o.j.JpaBaseConfiguration$JpaWebConfiguration - spring.jpa.open-in-view is enabled by default. Therefore, database queries may be performed during view rendering. Explicitly configure spring.jpa.open-in-view to disable this warning
2025-09-30 14:26:49 [main] DEBUG o.s.w.s.s.s.WebSocketHandlerMapping - Patterns [/ws/**] in 'stompWebSocketHandlerMapping'
2025-09-30 14:26:50 [main] DEBUG o.s.w.s.m.m.a.RequestMappingHandlerMapping - 13 mappings in 'requestMappingHandlerMapping'
2025-09-30 14:26:50 [main] DEBUG o.s.w.s.h.SimpleUrlHandlerMapping - Patterns [/webjars/**, /**] in 'resourceHandlerMapping'
2025-09-30 14:26:50 [main] DEBUG o.s.w.s.m.WebSocketAnnotationMethodMessageHandler - 
	c.b.e.c.ChatController:
	{[MESSAGE],[/chat.register]}: register(ChatMessage,SimpMessageHeaderAccessor)
	{[MESSAGE],[/chat.send]}: sendMessage(SendMessageRequest)
	{[MESSAGE],[/chat.typing]}: handleTyping(TypingRequest)
	{[MESSAGE],[/chat.read]}: handleReadReceipt(ReadReceiptRequest)
2025-09-30 14:26:50 [main] DEBUG o.s.w.s.m.WebSocketAnnotationMethodMessageHandler - 
	c.b.e.c.ChatRestController:
	
2025-09-30 14:26:50 [main] DEBUG o.s.w.s.m.WebSocketAnnotationMethodMessageHandler - 
	c.b.e.c.UserController:
	
2025-09-30 14:26:50 [main] DEBUG o.s.w.s.m.WebSocketAnnotationMethodMessageHandler - 
	o.s.b.a.w.s.e.BasicErrorController:
	
2025-09-30 14:26:50 [main] DEBUG o.s.w.s.m.m.a.RequestMappingHandlerAdapter - ControllerAdvice beans: 0 @ModelAttribute, 0 @InitBinder, 1 RequestBodyAdvice, 1 ResponseBodyAdvice
2025-09-30 14:26:50 [main] DEBUG o.s.w.s.m.m.a.ExceptionHandlerExceptionResolver - ControllerAdvice beans: 1 @ExceptionHandler, 1 ResponseBodyAdvice
2025-09-30 14:26:50 [main] DEBUG org.springframework.web.SimpLogging - clientOutboundChannel added SubProtocolWebSocketHandler[StompSubProtocolHandler[v10.stomp, v11.stomp, v12.stomp]]
2025-09-30 14:26:50 [main] DEBUG org.springframework.web.SimpLogging - clientInboundChannel added WebSocketAnnotationMethodMessageHandler[prefixes=[/app/]]
2025-09-30 14:26:50 [main] INFO  org.springframework.web.SimpLogging - Starting...
2025-09-30 14:26:50 [main] DEBUG org.springframework.web.SimpLogging - clientInboundChannel added SimpleBrokerMessageHandler [org.springframework.messaging.simp.broker.DefaultSubscriptionRegistry@61736817]
2025-09-30 14:26:50 [main] DEBUG org.springframework.web.SimpLogging - brokerChannel added SimpleBrokerMessageHandler [org.springframework.messaging.simp.broker.DefaultSubscriptionRegistry@61736817]
2025-09-30 14:26:50 [main] INFO  org.springframework.web.SimpLogging - BrokerAvailabilityEvent[available=true, SimpleBrokerMessageHandler [org.springframework.messaging.simp.broker.DefaultSubscriptionRegistry@61736817]]
2025-09-30 14:26:50 [main] INFO  org.springframework.web.SimpLogging - Started.
2025-09-30 14:26:50 [main] DEBUG org.springframework.web.SimpLogging - clientInboundChannel added UserDestinationMessageHandler[DefaultUserDestinationResolver[prefix=/user/]]
2025-09-30 14:26:50 [main] DEBUG org.springframework.web.SimpLogging - brokerChannel added UserDestinationMessageHandler[DefaultUserDestinationResolver[prefix=/user/]]
2025-09-30 14:26:50 [main] INFO  c.b.e.EasychatsystemApplication - Started EasychatsystemApplication in 5.581 seconds (process running for 5.891)
2025-09-30 14:26:51 [http-nio-8485-exec-1] INFO  o.s.web.servlet.DispatcherServlet - Initializing Servlet 'dispatcherServlet'
2025-09-30 14:26:51 [http-nio-8485-exec-1] DEBUG o.s.web.servlet.DispatcherServlet - Detected StandardServletMultipartResolver
2025-09-30 14:26:51 [http-nio-8485-exec-1] DEBUG o.s.web.servlet.DispatcherServlet - Detected AcceptHeaderLocaleResolver
2025-09-30 14:26:51 [http-nio-8485-exec-1] DEBUG o.s.web.servlet.DispatcherServlet - Detected FixedThemeResolver
2025-09-30 14:26:51 [http-nio-8485-exec-1] DEBUG o.s.web.servlet.DispatcherServlet - Detected org.springframework.web.servlet.view.DefaultRequestToViewNameTranslator@2c476b8f
2025-09-30 14:26:51 [http-nio-8485-exec-1] DEBUG o.s.web.servlet.DispatcherServlet - Detected org.springframework.web.servlet.support.SessionFlashMapManager@61f26cba
2025-09-30 14:26:51 [http-nio-8485-exec-1] DEBUG o.s.web.servlet.DispatcherServlet - enableLoggingRequestDetails='false': request parameters and headers will be masked to prevent unsafe logging of potentially sensitive data
2025-09-30 14:26:51 [http-nio-8485-exec-1] INFO  o.s.web.servlet.DispatcherServlet - Completed initialization in 2 ms
2025-09-30 14:26:51 [http-nio-8485-exec-1] DEBUG o.s.web.servlet.DispatcherServlet - GET "/ws/info?t=1759217211203", parameters={masked}
2025-09-30 14:26:51 [http-nio-8485-exec-1] DEBUG o.s.w.s.s.s.WebSocketHandlerMapping - Mapped to org.springframework.web.socket.sockjs.support.SockJsHttpRequestHandler@268bb09d
2025-09-30 14:26:51 [http-nio-8485-exec-1] DEBUG o.s.w.s.s.t.h.DefaultSockJsService - Processing transport request: GET http://localhost:8485/ws/info?t=1759217211203
2025-09-30 14:26:51 [http-nio-8485-exec-1] DEBUG o.s.web.servlet.DispatcherServlet - Completed 200 OK
2025-09-30 14:26:51 [http-nio-8485-exec-2] DEBUG o.s.web.servlet.DispatcherServlet - GET "/ws/854/spv14pth/websocket", parameters={}
2025-09-30 14:26:51 [http-nio-8485-exec-2] DEBUG o.s.w.s.s.s.WebSocketHandlerMapping - Mapped to org.springframework.web.socket.sockjs.support.SockJsHttpRequestHandler@268bb09d
2025-09-30 14:26:51 [http-nio-8485-exec-2] DEBUG o.s.w.s.s.t.h.DefaultSockJsService - Processing transport request: GET http://localhost:8485/ws/854/spv14pth/websocket
2025-09-30 14:26:51 [http-nio-8485-exec-2] DEBUG o.s.web.servlet.DispatcherServlet - Completed 101 SWITCHING_PROTOCOLS
2025-09-30 14:26:51 [http-nio-8485-exec-2] DEBUG o.s.w.s.h.LoggingWebSocketHandlerDecorator - New WebSocketServerSockJsSession[id=spv14pth]
2025-09-30 14:26:51 [clientInboundChannel-2] DEBUG org.springframework.web.SimpLogging - Processing CONNECT session=spv14pth
2025-09-30 14:26:51 [clientInboundChannel-4] DEBUG o.s.w.s.m.WebSocketAnnotationMethodMessageHandler - Searching methods to handle SEND /app/chat.register session=spv14pth, lookupDestination='/chat.register'
2025-09-30 14:26:51 [clientInboundChannel-8] DEBUG org.springframework.web.SimpLogging - Processing SUBSCRIBE /user/queue/message.status id=sub-0 session=spv14pth
2025-09-30 14:26:51 [clientInboundChannel-9] DEBUG org.springframework.web.SimpLogging - Processing SUBSCRIBE destination=/queue/message.status-userspv14pth subscriptionId=sub-0 session=spv14pth payload=byte[0]
2025-09-30 14:26:51 [clientInboundChannel-11] DEBUG org.springframework.web.SimpLogging - Processing SUBSCRIBE /topic/conversation.2 id=sub-1 session=spv14pth
2025-09-30 14:26:51 [clientInboundChannel-4] DEBUG o.s.w.s.m.WebSocketAnnotationMethodMessageHandler - Invoking ChatController#register[2 args]
2025-09-30 14:26:51 [clientInboundChannel-4] WARN  o.s.m.c.MappingJackson2MessageConverter - Failed to evaluate Jackson deserialization for type [[simple type, class com.binary.easychatsystem.model.ChatMessage]]: com.fasterxml.jackson.databind.exc.InvalidDefinitionException: Cannot handle managed/back reference 'defaultReference': no back reference property found from type `com.binary.easychatsystem.model.ChatConversation`
2025-09-30 14:26:51 [clientInboundChannel-4] DEBUG org.springframework.web.SimpLogging - Could not resolve parameter [0] in public void com.binary.easychatsystem.controller.ChatController.register(com.binary.easychatsystem.model.ChatMessage,org.springframework.messaging.simp.SimpMessageHeaderAccessor): Cannot convert from [[B] to [com.binary.easychatsystem.model.ChatMessage] for GenericMessage [payload=byte[16], headers={simpMessageType=MESSAGE, stompCommand=SEND, nativeHeaders={destination=[/app/chat.register], content-length=[16]}, simpSessionAttributes={}, simpHeartbeat=[J@50081bc7, lookupDestination=/chat.register, simpSessionId=spv14pth, simpDestination=/app/chat.register}]
2025-09-30 14:26:51 [clientInboundChannel-4] DEBUG o.s.w.s.m.WebSocketAnnotationMethodMessageHandler - Searching methods to handle MessageConversionException
2025-09-30 14:26:51 [clientInboundChannel-4] ERROR o.s.w.s.m.WebSocketAnnotationMethodMessageHandler - Unhandled exception from message handler method
org.springframework.messaging.converter.MessageConversionException: Cannot convert from [[B] to [com.binary.easychatsystem.model.ChatMessage] for GenericMessage [payload=byte[16], headers={simpMessageType=MESSAGE, stompCommand=SEND, nativeHeaders={destination=[/app/chat.register], content-length=[16]}, simpSessionAttributes={}, simpHeartbeat=[J@50081bc7, lookupDestination=/chat.register, simpSessionId=spv14pth, simpDestination=/app/chat.register}]
	at org.springframework.messaging.handler.annotation.support.PayloadMethodArgumentResolver.resolveArgument(PayloadMethodArgumentResolver.java:151)
	at org.springframework.messaging.handler.invocation.HandlerMethodArgumentResolverComposite.resolveArgument(HandlerMethodArgumentResolverComposite.java:118)
	at org.springframework.messaging.handler.invocation.InvocableHandlerMethod.getMethodArgumentValues(InvocableHandlerMethod.java:147)
	at org.springframework.messaging.handler.invocation.InvocableHandlerMethod.invoke(InvocableHandlerMethod.java:115)
	at org.springframework.messaging.handler.invocation.AbstractMethodMessageHandler.handleMatch(AbstractMethodMessageHandler.java:568)
	at org.springframework.messaging.simp.annotation.support.SimpAnnotationMethodMessageHandler.handleMatch(SimpAnnotationMethodMessageHandler.java:530)
	at org.springframework.messaging.simp.annotation.support.SimpAnnotationMethodMessageHandler.handleMatch(SimpAnnotationMethodMessageHandler.java:93)
	at org.springframework.messaging.handler.invocation.AbstractMethodMessageHandler.handleMessageInternal(AbstractMethodMessageHandler.java:522)
	at org.springframework.messaging.handler.invocation.AbstractMethodMessageHandler.handleMessage(AbstractMethodMessageHandler.java:457)
	at org.springframework.messaging.support.ExecutorSubscribableChannel$SendTask.run(ExecutorSubscribableChannel.java:152)
	at java.base/java.util.concurrent.ThreadPoolExecutor.runWorker(ThreadPoolExecutor.java:1144)
	at java.base/java.util.concurrent.ThreadPoolExecutor$Worker.run(ThreadPoolExecutor.java:642)
	at java.base/java.lang.Thread.run(Thread.java:1583)
2025-09-30 14:27:49 [SpringApplicationShutdownHook] DEBUG org.springframework.web.SimpLogging - clientOutboundChannel removed SubProtocolWebSocketHandler[StompSubProtocolHandler[v10.stomp, v11.stomp, v12.stomp]]
2025-09-30 14:27:49 [SpringApplicationShutdownHook] DEBUG o.s.w.s.s.t.s.WebSocketServerSockJsSession - Closing SockJS session spv14pth with CloseStatus[code=1001, reason=null]
2025-09-30 14:27:49 [SpringApplicationShutdownHook] DEBUG o.s.w.s.h.LoggingWebSocketHandlerDecorator - Transport error in WebSocketServerSockJsSession[id=spv14pth]
java.io.IOException: java.nio.channels.ClosedChannelException
	at org.apache.tomcat.websocket.WsRemoteEndpointImplBase.sendMessageBlockInternal(WsRemoteEndpointImplBase.java:326)
	at org.apache.tomcat.websocket.WsRemoteEndpointImplBase.sendMessageBlock(WsRemoteEndpointImplBase.java:266)
	at org.apache.tomcat.websocket.WsSession.sendCloseMessage(WsSession.java:778)
	at org.apache.tomcat.websocket.WsSession.doClose(WsSession.java:575)
	at org.apache.tomcat.websocket.WsRemoteEndpointImplBase.sendMessageBlockInternal(WsRemoteEndpointImplBase.java:324)
	at org.apache.tomcat.websocket.WsRemoteEndpointImplBase.sendMessageBlock(WsRemoteEndpointImplBase.java:266)
	at org.apache.tomcat.websocket.WsRemoteEndpointImplBase.sendMessageBlock(WsRemoteEndpointImplBase.java:250)
	at org.apache.tomcat.websocket.WsRemoteEndpointImplBase.sendPartialString(WsRemoteEndpointImplBase.java:223)
	at org.apache.tomcat.websocket.WsRemoteEndpointBasic.sendText(WsRemoteEndpointBasic.java:48)
	at org.springframework.web.socket.adapter.standard.StandardWebSocketSession.sendTextMessage(StandardWebSocketSession.java:217)
	at org.springframework.web.socket.adapter.AbstractWebSocketSession.sendMessage(AbstractWebSocketSession.java:108)
	at org.springframework.web.socket.sockjs.transport.session.WebSocketServerSockJsSession.writeFrameInternal(WebSocketServerSockJsSession.java:228)
	at org.springframework.web.socket.sockjs.transport.session.AbstractSockJsSession.close(AbstractSockJsSession.java:188)
	at org.springframework.web.socket.handler.WebSocketSessionDecorator.close(WebSocketSessionDecorator.java:164)
	at org.springframework.web.socket.handler.ConcurrentWebSocketSessionDecorator.close(ConcurrentWebSocketSessionDecorator.java:279)
	at org.springframework.web.socket.messaging.SubProtocolWebSocketHandler.stop(SubProtocolWebSocketHandler.java:308)
	at org.springframework.web.socket.messaging.SubProtocolWebSocketHandler.stop(SubProtocolWebSocketHandler.java:321)
	at org.springframework.context.support.DefaultLifecycleProcessor.doStop(DefaultLifecycleProcessor.java:463)
	at org.springframework.context.support.DefaultLifecycleProcessor$LifecycleGroup.stop(DefaultLifecycleProcessor.java:618)
	at java.base/java.lang.Iterable.forEach(Iterable.java:75)
	at org.springframework.context.support.DefaultLifecycleProcessor.stopBeans(DefaultLifecycleProcessor.java:432)
	at org.springframework.context.support.DefaultLifecycleProcessor.onClose(DefaultLifecycleProcessor.java:323)
	at org.springframework.context.support.AbstractApplicationContext.doClose(AbstractApplicationContext.java:1172)
	at org.springframework.boot.web.servlet.context.ServletWebServerApplicationContext.doClose(ServletWebServerApplicationContext.java:179)
	at org.springframework.context.support.AbstractApplicationContext.close(AbstractApplicationContext.java:1126)
	at org.springframework.boot.SpringApplicationShutdownHook.closeAndWait(SpringApplicationShutdownHook.java:147)
	at java.base/java.lang.Iterable.forEach(Iterable.java:75)
	at org.springframework.boot.SpringApplicationShutdownHook.run(SpringApplicationShutdownHook.java:116)
	at java.base/java.lang.Thread.run(Thread.java:1583)
Caused by: java.nio.channels.ClosedChannelException: null
	at org.apache.tomcat.util.net.NioChannel$1.write(NioChannel.java:282)
	at org.apache.tomcat.util.net.NioEndpoint$NioSocketWrapper$NioOperationState.run(NioEndpoint.java:1665)
	at org.apache.tomcat.util.net.SocketWrapperBase$OperationState.start(SocketWrapperBase.java:987)
	at org.apache.tomcat.util.net.SocketWrapperBase.vectoredOperation(SocketWrapperBase.java:1358)
	at org.apache.tomcat.util.net.SocketWrapperBase.write(SocketWrapperBase.java:1287)
	at org.apache.tomcat.util.net.SocketWrapperBase.write(SocketWrapperBase.java:1262)
	at org.apache.tomcat.websocket.server.WsRemoteEndpointImplServer.doWrite(WsRemoteEndpointImplServer.java:171)
	at org.apache.tomcat.websocket.WsRemoteEndpointImplBase.writeMessagePart(WsRemoteEndpointImplBase.java:521)
	at org.apache.tomcat.websocket.WsRemoteEndpointImplBase.sendMessageBlockInternal(WsRemoteEndpointImplBase.java:313)
	... 24 common frames omitted
2025-09-30 14:27:49 [SpringApplicationShutdownHook] DEBUG o.s.w.s.s.t.s.WebSocketServerSockJsSession - Failure while sending SockJS close frame
java.io.IOException: java.nio.channels.ClosedChannelException
	at org.apache.tomcat.websocket.WsRemoteEndpointImplBase.sendMessageBlockInternal(WsRemoteEndpointImplBase.java:326)
	at org.apache.tomcat.websocket.WsRemoteEndpointImplBase.sendMessageBlock(WsRemoteEndpointImplBase.java:266)
	at org.apache.tomcat.websocket.WsRemoteEndpointImplBase.sendMessageBlock(WsRemoteEndpointImplBase.java:250)
	at org.apache.tomcat.websocket.WsRemoteEndpointImplBase.sendPartialString(WsRemoteEndpointImplBase.java:223)
	at org.apache.tomcat.websocket.WsRemoteEndpointBasic.sendText(WsRemoteEndpointBasic.java:48)
	at org.springframework.web.socket.adapter.standard.StandardWebSocketSession.sendTextMessage(StandardWebSocketSession.java:217)
	at org.springframework.web.socket.adapter.AbstractWebSocketSession.sendMessage(AbstractWebSocketSession.java:108)
	at org.springframework.web.socket.sockjs.transport.session.WebSocketServerSockJsSession.writeFrameInternal(WebSocketServerSockJsSession.java:228)
	at org.springframework.web.socket.sockjs.transport.session.AbstractSockJsSession.close(AbstractSockJsSession.java:188)
	at org.springframework.web.socket.handler.WebSocketSessionDecorator.close(WebSocketSessionDecorator.java:164)
	at org.springframework.web.socket.handler.ConcurrentWebSocketSessionDecorator.close(ConcurrentWebSocketSessionDecorator.java:279)
	at org.springframework.web.socket.messaging.SubProtocolWebSocketHandler.stop(SubProtocolWebSocketHandler.java:308)
	at org.springframework.web.socket.messaging.SubProtocolWebSocketHandler.stop(SubProtocolWebSocketHandler.java:321)
	at org.springframework.context.support.DefaultLifecycleProcessor.doStop(DefaultLifecycleProcessor.java:463)
	at org.springframework.context.support.DefaultLifecycleProcessor$LifecycleGroup.stop(DefaultLifecycleProcessor.java:618)
	at java.base/java.lang.Iterable.forEach(Iterable.java:75)
	at org.springframework.context.support.DefaultLifecycleProcessor.stopBeans(DefaultLifecycleProcessor.java:432)
	at org.springframework.context.support.DefaultLifecycleProcessor.onClose(DefaultLifecycleProcessor.java:323)
	at org.springframework.context.support.AbstractApplicationContext.doClose(AbstractApplicationContext.java:1172)
	at org.springframework.boot.web.servlet.context.ServletWebServerApplicationContext.doClose(ServletWebServerApplicationContext.java:179)
	at org.springframework.context.support.AbstractApplicationContext.close(AbstractApplicationContext.java:1126)
	at org.springframework.boot.SpringApplicationShutdownHook.closeAndWait(SpringApplicationShutdownHook.java:147)
	at java.base/java.lang.Iterable.forEach(Iterable.java:75)
	at org.springframework.boot.SpringApplicationShutdownHook.run(SpringApplicationShutdownHook.java:116)
	at java.base/java.lang.Thread.run(Thread.java:1583)
Caused by: java.nio.channels.ClosedChannelException: null
	at org.apache.tomcat.util.net.NioChannel$1.write(NioChannel.java:282)
	at org.apache.tomcat.util.net.NioEndpoint$NioSocketWrapper$NioOperationState.run(NioEndpoint.java:1665)
	at org.apache.tomcat.util.net.SocketWrapperBase$OperationState.start(SocketWrapperBase.java:987)
	at org.apache.tomcat.util.net.SocketWrapperBase.vectoredOperation(SocketWrapperBase.java:1358)
	at org.apache.tomcat.util.net.SocketWrapperBase.write(SocketWrapperBase.java:1287)
	at org.apache.tomcat.util.net.SocketWrapperBase.write(SocketWrapperBase.java:1262)
	at org.apache.tomcat.websocket.server.WsRemoteEndpointImplServer.doWrite(WsRemoteEndpointImplServer.java:171)
	at org.apache.tomcat.websocket.WsRemoteEndpointImplBase.writeMessagePart(WsRemoteEndpointImplBase.java:521)
	at org.apache.tomcat.websocket.WsRemoteEndpointImplBase.sendMessageBlockInternal(WsRemoteEndpointImplBase.java:313)
	... 24 common frames omitted
2025-09-30 14:27:49 [SpringApplicationShutdownHook] DEBUG o.s.w.s.h.LoggingWebSocketHandlerDecorator - WebSocketServerSockJsSession[id=spv14pth] closed with CloseStatus[code=1001, reason=null]
2025-09-30 14:27:49 [SpringApplicationShutdownHook] DEBUG o.s.w.s.m.SubProtocolWebSocketHandler - Clearing session spv14pth
2025-09-30 14:27:49 [clientInboundChannel-14] DEBUG org.springframework.web.SimpLogging - Processing DISCONNECT session=spv14pth
2025-09-30 14:27:49 [SpringApplicationShutdownHook] DEBUG org.springframework.web.SimpLogging - clientInboundChannel removed WebSocketAnnotationMethodMessageHandler[prefixes=[/app/]]
2025-09-30 14:27:49 [SpringApplicationShutdownHook] INFO  org.springframework.web.SimpLogging - Stopping...
2025-09-30 14:27:49 [SpringApplicationShutdownHook] INFO  org.springframework.web.SimpLogging - BrokerAvailabilityEvent[available=false, SimpleBrokerMessageHandler [org.springframework.messaging.simp.broker.DefaultSubscriptionRegistry@61736817]]
2025-09-30 14:27:49 [SpringApplicationShutdownHook] DEBUG org.springframework.web.SimpLogging - clientInboundChannel removed SimpleBrokerMessageHandler [org.springframework.messaging.simp.broker.DefaultSubscriptionRegistry@61736817]
2025-09-30 14:27:49 [SpringApplicationShutdownHook] DEBUG org.springframework.web.SimpLogging - brokerChannel removed SimpleBrokerMessageHandler [org.springframework.messaging.simp.broker.DefaultSubscriptionRegistry@61736817]
2025-09-30 14:27:49 [SpringApplicationShutdownHook] INFO  org.springframework.web.SimpLogging - Stopped.
2025-09-30 14:27:49 [SpringApplicationShutdownHook] DEBUG org.springframework.web.SimpLogging - clientInboundChannel removed UserDestinationMessageHandler[DefaultUserDestinationResolver[prefix=/user/]]
2025-09-30 14:27:49 [SpringApplicationShutdownHook] DEBUG org.springframework.web.SimpLogging - brokerChannel removed UserDestinationMessageHandler[DefaultUserDestinationResolver[prefix=/user/]]
2025-09-30 14:29:21 [main] INFO  c.b.e.EasychatsystemApplication - Starting EasychatsystemApplication using Java 21.0.8 with PID 102051 (/home/andy/Developments/local/java_workspace/easychatsystem/target/classes started by andy in /home/andy/Developments/local/java_workspace/easychatsystem)
2025-09-30 14:29:21 [main] DEBUG c.b.e.EasychatsystemApplication - Running with Spring Boot v3.5.4, Spring v6.2.9
2025-09-30 14:29:21 [main] INFO  c.b.e.EasychatsystemApplication - No active profile set, falling back to 1 default profile: "default"
2025-09-30 14:29:26 [main] WARN  o.s.b.a.o.j.JpaBaseConfiguration$JpaWebConfiguration - spring.jpa.open-in-view is enabled by default. Therefore, database queries may be performed during view rendering. Explicitly configure spring.jpa.open-in-view to disable this warning
2025-09-30 14:29:26 [main] DEBUG o.s.w.s.s.s.WebSocketHandlerMapping - Patterns [/ws/**] in 'stompWebSocketHandlerMapping'
2025-09-30 14:29:26 [main] DEBUG o.s.w.s.m.m.a.RequestMappingHandlerMapping - 13 mappings in 'requestMappingHandlerMapping'
2025-09-30 14:29:26 [main] DEBUG o.s.w.s.h.SimpleUrlHandlerMapping - Patterns [/webjars/**, /**] in 'resourceHandlerMapping'
2025-09-30 14:29:26 [main] DEBUG o.s.w.s.m.WebSocketAnnotationMethodMessageHandler - 
	c.b.e.c.ChatController:
	{[MESSAGE],[/chat.register]}: register(ChatMessage,SimpMessageHeaderAccessor)
	{[MESSAGE],[/chat.send]}: sendMessage(SendMessageRequest)
	{[MESSAGE],[/chat.typing]}: handleTyping(TypingRequest)
	{[MESSAGE],[/chat.read]}: handleReadReceipt(ReadReceiptRequest)
2025-09-30 14:29:26 [main] DEBUG o.s.w.s.m.WebSocketAnnotationMethodMessageHandler - 
	c.b.e.c.ChatRestController:
	
2025-09-30 14:29:26 [main] DEBUG o.s.w.s.m.WebSocketAnnotationMethodMessageHandler - 
	c.b.e.c.UserController:
	
2025-09-30 14:29:26 [main] DEBUG o.s.w.s.m.WebSocketAnnotationMethodMessageHandler - 
	o.s.b.a.w.s.e.BasicErrorController:
	
2025-09-30 14:29:26 [main] DEBUG o.s.w.s.m.m.a.RequestMappingHandlerAdapter - ControllerAdvice beans: 0 @ModelAttribute, 0 @InitBinder, 1 RequestBodyAdvice, 1 ResponseBodyAdvice
2025-09-30 14:29:26 [main] DEBUG o.s.w.s.m.m.a.ExceptionHandlerExceptionResolver - ControllerAdvice beans: 1 @ExceptionHandler, 1 ResponseBodyAdvice
2025-09-30 14:29:26 [main] DEBUG org.springframework.web.SimpLogging - clientOutboundChannel added SubProtocolWebSocketHandler[StompSubProtocolHandler[v10.stomp, v11.stomp, v12.stomp]]
2025-09-30 14:29:26 [main] DEBUG org.springframework.web.SimpLogging - clientInboundChannel added WebSocketAnnotationMethodMessageHandler[prefixes=[/app/]]
2025-09-30 14:29:26 [main] INFO  org.springframework.web.SimpLogging - Starting...
2025-09-30 14:29:26 [main] DEBUG org.springframework.web.SimpLogging - clientInboundChannel added SimpleBrokerMessageHandler [org.springframework.messaging.simp.broker.DefaultSubscriptionRegistry@61736817]
2025-09-30 14:29:26 [main] DEBUG org.springframework.web.SimpLogging - brokerChannel added SimpleBrokerMessageHandler [org.springframework.messaging.simp.broker.DefaultSubscriptionRegistry@61736817]
2025-09-30 14:29:26 [main] INFO  org.springframework.web.SimpLogging - BrokerAvailabilityEvent[available=true, SimpleBrokerMessageHandler [org.springframework.messaging.simp.broker.DefaultSubscriptionRegistry@61736817]]
2025-09-30 14:29:26 [main] INFO  org.springframework.web.SimpLogging - Started.
2025-09-30 14:29:26 [main] DEBUG org.springframework.web.SimpLogging - clientInboundChannel added UserDestinationMessageHandler[DefaultUserDestinationResolver[prefix=/user/]]
2025-09-30 14:29:26 [main] DEBUG org.springframework.web.SimpLogging - brokerChannel added UserDestinationMessageHandler[DefaultUserDestinationResolver[prefix=/user/]]
2025-09-30 14:29:27 [main] INFO  c.b.e.EasychatsystemApplication - Started EasychatsystemApplication in 5.503 seconds (process running for 5.798)
2025-09-30 14:29:31 [http-nio-8485-exec-1] INFO  o.s.web.servlet.DispatcherServlet - Initializing Servlet 'dispatcherServlet'
2025-09-30 14:29:31 [http-nio-8485-exec-1] DEBUG o.s.web.servlet.DispatcherServlet - Detected StandardServletMultipartResolver
2025-09-30 14:29:31 [http-nio-8485-exec-1] DEBUG o.s.web.servlet.DispatcherServlet - Detected AcceptHeaderLocaleResolver
2025-09-30 14:29:31 [http-nio-8485-exec-1] DEBUG o.s.web.servlet.DispatcherServlet - Detected FixedThemeResolver
2025-09-30 14:29:31 [http-nio-8485-exec-1] DEBUG o.s.web.servlet.DispatcherServlet - Detected org.springframework.web.servlet.view.DefaultRequestToViewNameTranslator@2c476b8f
2025-09-30 14:29:31 [http-nio-8485-exec-1] DEBUG o.s.web.servlet.DispatcherServlet - Detected org.springframework.web.servlet.support.SessionFlashMapManager@61f26cba
2025-09-30 14:29:31 [http-nio-8485-exec-1] DEBUG o.s.web.servlet.DispatcherServlet - enableLoggingRequestDetails='false': request parameters and headers will be masked to prevent unsafe logging of potentially sensitive data
2025-09-30 14:29:31 [http-nio-8485-exec-1] INFO  o.s.web.servlet.DispatcherServlet - Completed initialization in 2 ms
2025-09-30 14:29:31 [http-nio-8485-exec-1] DEBUG o.s.web.servlet.DispatcherServlet - GET "/ws/info?t=1759217371202", parameters={masked}
2025-09-30 14:29:31 [http-nio-8485-exec-1] DEBUG o.s.w.s.s.s.WebSocketHandlerMapping - Mapped to org.springframework.web.socket.sockjs.support.SockJsHttpRequestHandler@268bb09d
2025-09-30 14:29:31 [http-nio-8485-exec-1] DEBUG o.s.w.s.s.t.h.DefaultSockJsService - Processing transport request: GET http://localhost:8485/ws/info?t=1759217371202
2025-09-30 14:29:31 [http-nio-8485-exec-1] DEBUG o.s.web.servlet.DispatcherServlet - Completed 200 OK
2025-09-30 14:29:31 [http-nio-8485-exec-2] DEBUG o.s.web.servlet.DispatcherServlet - GET "/ws/749/1rnxfy10/websocket", parameters={}
2025-09-30 14:29:31 [http-nio-8485-exec-2] DEBUG o.s.w.s.s.s.WebSocketHandlerMapping - Mapped to org.springframework.web.socket.sockjs.support.SockJsHttpRequestHandler@268bb09d
2025-09-30 14:29:31 [http-nio-8485-exec-2] DEBUG o.s.w.s.s.t.h.DefaultSockJsService - Processing transport request: GET http://localhost:8485/ws/749/1rnxfy10/websocket
2025-09-30 14:29:31 [http-nio-8485-exec-2] DEBUG o.s.web.servlet.DispatcherServlet - Completed 101 SWITCHING_PROTOCOLS
2025-09-30 14:29:31 [http-nio-8485-exec-2] DEBUG o.s.w.s.h.LoggingWebSocketHandlerDecorator - New WebSocketServerSockJsSession[id=1rnxfy10]
2025-09-30 14:29:31 [clientInboundChannel-2] DEBUG org.springframework.web.SimpLogging - Processing CONNECT session=1rnxfy10
2025-09-30 14:29:31 [clientInboundChannel-4] DEBUG o.s.w.s.m.WebSocketAnnotationMethodMessageHandler - Searching methods to handle SEND /app/chat.register session=1rnxfy10, lookupDestination='/chat.register'
2025-09-30 14:29:31 [clientInboundChannel-8] DEBUG org.springframework.web.SimpLogging - Processing SUBSCRIBE /user/queue/message.status id=sub-0 session=1rnxfy10
2025-09-30 14:29:31 [clientInboundChannel-9] DEBUG org.springframework.web.SimpLogging - Processing SUBSCRIBE destination=/queue/message.status-user1rnxfy10 subscriptionId=sub-0 session=1rnxfy10 payload=byte[0]
2025-09-30 14:29:31 [clientInboundChannel-11] DEBUG org.springframework.web.SimpLogging - Processing SUBSCRIBE /topic/conversation.2 id=sub-1 session=1rnxfy10
2025-09-30 14:29:31 [clientInboundChannel-4] DEBUG o.s.w.s.m.WebSocketAnnotationMethodMessageHandler - Invoking ChatController#register[2 args]
2025-09-30 14:29:36 [http-nio-8485-exec-5] DEBUG o.s.web.servlet.DispatcherServlet - GET "/api/messages/conversations/2", parameters={}
2025-09-30 14:29:36 [http-nio-8485-exec-5] DEBUG o.s.w.s.m.m.a.RequestMappingHandlerMapping - Mapped to com.binary.easychatsystem.controller.ChatRestController#getConversationMessages(Long, int, int, UserDetails)
2025-09-30 14:29:36 [http-nio-8485-exec-5] INFO  c.b.e.s.impl.ChatMessageServiceImpl - return result: [ChatMessage(messageId=2, content=Hello, mediaType=TEXT, mediaUrl=, mediaMime=, mediaSize=0, senderId=1, recipientId=null, type=CHAT, status=SENT, isDeleted=false, createdAt=2025-09-29T16:02:35.824120, updatedAt=null, readAt=null, conversation=com.binary.easychatsystem.model.ChatConversation@728b6bdc), ChatMessage(messageId=1, content=Hi, How are you?, mediaType=TEXT, mediaUrl=null, mediaMime=null, mediaSize=null, senderId=1, recipientId=null, type=CHAT, status=SENT, isDeleted=false, createdAt=2025-09-29T13:23:45.406725, updatedAt=null, readAt=null, conversation=com.binary.easychatsystem.model.ChatConversation@728b6bdc)]
2025-09-30 14:29:36 [http-nio-8485-exec-5] DEBUG o.s.w.s.m.m.a.HttpEntityMethodProcessor - Using 'application/json', given [*/*] and supported [application/json, application/*+json]
2025-09-30 14:29:36 [http-nio-8485-exec-5] DEBUG o.s.w.s.m.m.a.HttpEntityMethodProcessor - Writing [[ChatMessage(messageId=2, content=Hello, mediaType=TEXT, mediaUrl=, mediaMime=, mediaSize=0, senderI (truncated)...]
2025-09-30 14:29:36 [http-nio-8485-exec-5] DEBUG o.s.w.s.m.m.a.ExceptionHandlerExceptionResolver - Using @ExceptionHandler com.binary.easychatsystem.exception.GlobalExceptionHandler#handleRuntimeException(RuntimeException)
2025-09-30 14:29:36 [http-nio-8485-exec-5] DEBUG o.s.w.s.m.m.a.HttpEntityMethodProcessor - Found 'Content-Type:application/json' in response
2025-09-30 14:29:36 [http-nio-8485-exec-5] DEBUG o.s.w.s.m.m.a.HttpEntityMethodProcessor - Writing [com.binary.easychatsystem.exception.GlobalExceptionHandler$ErrorResponse@49921f7a]
2025-09-30 14:29:36 [http-nio-8485-exec-5] DEBUG o.s.w.s.m.m.a.ExceptionHandlerExceptionResolver - Resolved [org.springframework.http.converter.HttpMessageConversionException: Type definition error: [simple type, class org.hibernate.proxy.pojo.bytebuddy.ByteBuddyInterceptor]]
2025-09-30 14:29:36 [http-nio-8485-exec-5] DEBUG o.s.web.servlet.DispatcherServlet - Completed 400 BAD_REQUEST
2025-09-30 14:29:42 [http-nio-8485-exec-7] DEBUG o.s.web.servlet.DispatcherServlet - GET "/api/messages/conversations/2", parameters={}
2025-09-30 14:29:42 [http-nio-8485-exec-7] DEBUG o.s.w.s.m.m.a.RequestMappingHandlerMapping - Mapped to com.binary.easychatsystem.controller.ChatRestController#getConversationMessages(Long, int, int, UserDetails)
2025-09-30 14:29:42 [http-nio-8485-exec-7] INFO  c.b.e.s.impl.ChatMessageServiceImpl - return result: [ChatMessage(messageId=2, content=Hello, mediaType=TEXT, mediaUrl=, mediaMime=, mediaSize=0, senderId=1, recipientId=null, type=CHAT, status=SENT, isDeleted=false, createdAt=2025-09-29T16:02:35.824120, updatedAt=null, readAt=null, conversation=com.binary.easychatsystem.model.ChatConversation@6a09d311), ChatMessage(messageId=1, content=Hi, How are you?, mediaType=TEXT, mediaUrl=null, mediaMime=null, mediaSize=null, senderId=1, recipientId=null, type=CHAT, status=SENT, isDeleted=false, createdAt=2025-09-29T13:23:45.406725, updatedAt=null, readAt=null, conversation=com.binary.easychatsystem.model.ChatConversation@6a09d311)]
2025-09-30 14:29:42 [http-nio-8485-exec-7] DEBUG o.s.w.s.m.m.a.HttpEntityMethodProcessor - Using 'application/json', given [*/*] and supported [application/json, application/*+json]
2025-09-30 14:29:42 [http-nio-8485-exec-7] DEBUG o.s.w.s.m.m.a.HttpEntityMethodProcessor - Writing [[ChatMessage(messageId=2, content=Hello, mediaType=TEXT, mediaUrl=, mediaMime=, mediaSize=0, senderI (truncated)...]
2025-09-30 14:29:42 [http-nio-8485-exec-7] DEBUG o.s.w.s.m.m.a.ExceptionHandlerExceptionResolver - Using @ExceptionHandler com.binary.easychatsystem.exception.GlobalExceptionHandler#handleRuntimeException(RuntimeException)
2025-09-30 14:29:42 [http-nio-8485-exec-7] DEBUG o.s.w.s.m.m.a.HttpEntityMethodProcessor - Found 'Content-Type:application/json' in response
2025-09-30 14:29:42 [http-nio-8485-exec-7] DEBUG o.s.w.s.m.m.a.HttpEntityMethodProcessor - Writing [com.binary.easychatsystem.exception.GlobalExceptionHandler$ErrorResponse@2c0b7de9]
2025-09-30 14:29:42 [http-nio-8485-exec-7] DEBUG o.s.w.s.m.m.a.ExceptionHandlerExceptionResolver - Resolved [org.springframework.http.converter.HttpMessageConversionException: Type definition error: [simple type, class org.hibernate.proxy.pojo.bytebuddy.ByteBuddyInterceptor]]
2025-09-30 14:29:42 [http-nio-8485-exec-7] DEBUG o.s.web.servlet.DispatcherServlet - Completed 400 BAD_REQUEST
2025-09-30 14:30:26 [MessageBroker-4] INFO  o.s.w.s.c.WebSocketMessageBrokerStats - WebSocketSession[1 current WS(1)-HttpStream(0)-HttpPoll(0), 1 total, 0 closed abnormally (0 connect failure, 0 send limit, 0 transport error)], stompSubProtocol[processed CONNECT(1)-CONNECTED(1)-DISCONNECT(0)], stompBrokerRelay[null], inboundChannel[pool size = 12, active threads = 0, queued tasks = 0, completed tasks = 12], outboundChannel[pool size = 1, active threads = 0, queued tasks = 0, completed tasks = 1], sockJsScheduler[pool size = 8, active threads = 1, queued tasks = 2, completed tasks = 14]
2025-09-30 15:00:26 [MessageBroker-8] INFO  o.s.w.s.c.WebSocketMessageBrokerStats - WebSocketSession[1 current WS(1)-HttpStream(0)-HttpPoll(0), 1 total, 0 closed abnormally (0 connect failure, 0 send limit, 0 transport error)], stompSubProtocol[processed CONNECT(1)-CONNECTED(1)-DISCONNECT(0)], stompBrokerRelay[null], inboundChannel[pool size = 0, active threads = 0, queued tasks = 0, completed tasks = 12], outboundChannel[pool size = 0, active threads = 0, queued tasks = 0, completed tasks = 1], sockJsScheduler[pool size = 8, active threads = 1, queued tasks = 2, completed tasks = 447]
2025-09-30 15:30:26 [MessageBroker-8] INFO  o.s.w.s.c.WebSocketMessageBrokerStats - WebSocketSession[1 current WS(1)-HttpStream(0)-HttpPoll(0), 1 total, 0 closed abnormally (0 connect failure, 0 send limit, 0 transport error)], stompSubProtocol[processed CONNECT(1)-CONNECTED(1)-DISCONNECT(0)], stompBrokerRelay[null], inboundChannel[pool size = 0, active threads = 0, queued tasks = 0, completed tasks = 12], outboundChannel[pool size = 0, active threads = 0, queued tasks = 0, completed tasks = 1], sockJsScheduler[pool size = 8, active threads = 1, queued tasks = 2, completed tasks = 880]
2025-09-30 15:31:38 [SpringApplicationShutdownHook] DEBUG org.springframework.web.SimpLogging - clientOutboundChannel removed SubProtocolWebSocketHandler[StompSubProtocolHandler[v10.stomp, v11.stomp, v12.stomp]]
2025-09-30 15:31:38 [SpringApplicationShutdownHook] DEBUG o.s.w.s.s.t.s.WebSocketServerSockJsSession - Closing SockJS session 1rnxfy10 with CloseStatus[code=1001, reason=null]
2025-09-30 15:31:38 [SpringApplicationShutdownHook] DEBUG o.s.w.s.h.LoggingWebSocketHandlerDecorator - Transport error in WebSocketServerSockJsSession[id=1rnxfy10]
java.io.IOException: java.nio.channels.ClosedChannelException
	at org.apache.tomcat.websocket.WsRemoteEndpointImplBase.sendMessageBlockInternal(WsRemoteEndpointImplBase.java:326)
	at org.apache.tomcat.websocket.WsRemoteEndpointImplBase.sendMessageBlock(WsRemoteEndpointImplBase.java:266)
	at org.apache.tomcat.websocket.WsSession.sendCloseMessage(WsSession.java:778)
	at org.apache.tomcat.websocket.WsSession.doClose(WsSession.java:575)
	at org.apache.tomcat.websocket.WsRemoteEndpointImplBase.sendMessageBlockInternal(WsRemoteEndpointImplBase.java:324)
	at org.apache.tomcat.websocket.WsRemoteEndpointImplBase.sendMessageBlock(WsRemoteEndpointImplBase.java:266)
	at org.apache.tomcat.websocket.WsRemoteEndpointImplBase.sendMessageBlock(WsRemoteEndpointImplBase.java:250)
	at org.apache.tomcat.websocket.WsRemoteEndpointImplBase.sendPartialString(WsRemoteEndpointImplBase.java:223)
	at org.apache.tomcat.websocket.WsRemoteEndpointBasic.sendText(WsRemoteEndpointBasic.java:48)
	at org.springframework.web.socket.adapter.standard.StandardWebSocketSession.sendTextMessage(StandardWebSocketSession.java:217)
	at org.springframework.web.socket.adapter.AbstractWebSocketSession.sendMessage(AbstractWebSocketSession.java:108)
	at org.springframework.web.socket.sockjs.transport.session.WebSocketServerSockJsSession.writeFrameInternal(WebSocketServerSockJsSession.java:228)
	at org.springframework.web.socket.sockjs.transport.session.AbstractSockJsSession.close(AbstractSockJsSession.java:188)
	at org.springframework.web.socket.handler.WebSocketSessionDecorator.close(WebSocketSessionDecorator.java:164)
	at org.springframework.web.socket.handler.ConcurrentWebSocketSessionDecorator.close(ConcurrentWebSocketSessionDecorator.java:279)
	at org.springframework.web.socket.messaging.SubProtocolWebSocketHandler.stop(SubProtocolWebSocketHandler.java:308)
	at org.springframework.web.socket.messaging.SubProtocolWebSocketHandler.stop(SubProtocolWebSocketHandler.java:321)
	at org.springframework.context.support.DefaultLifecycleProcessor.doStop(DefaultLifecycleProcessor.java:463)
	at org.springframework.context.support.DefaultLifecycleProcessor$LifecycleGroup.stop(DefaultLifecycleProcessor.java:618)
	at java.base/java.lang.Iterable.forEach(Iterable.java:75)
	at org.springframework.context.support.DefaultLifecycleProcessor.stopBeans(DefaultLifecycleProcessor.java:432)
	at org.springframework.context.support.DefaultLifecycleProcessor.onClose(DefaultLifecycleProcessor.java:323)
	at org.springframework.context.support.AbstractApplicationContext.doClose(AbstractApplicationContext.java:1172)
	at org.springframework.boot.web.servlet.context.ServletWebServerApplicationContext.doClose(ServletWebServerApplicationContext.java:179)
	at org.springframework.context.support.AbstractApplicationContext.close(AbstractApplicationContext.java:1126)
	at org.springframework.boot.SpringApplicationShutdownHook.closeAndWait(SpringApplicationShutdownHook.java:147)
	at java.base/java.lang.Iterable.forEach(Iterable.java:75)
	at org.springframework.boot.SpringApplicationShutdownHook.run(SpringApplicationShutdownHook.java:116)
	at java.base/java.lang.Thread.run(Thread.java:1583)
Caused by: java.nio.channels.ClosedChannelException: null
	at org.apache.tomcat.util.net.NioChannel$1.write(NioChannel.java:282)
	at org.apache.tomcat.util.net.NioEndpoint$NioSocketWrapper$NioOperationState.run(NioEndpoint.java:1665)
	at org.apache.tomcat.util.net.SocketWrapperBase$OperationState.start(SocketWrapperBase.java:987)
	at org.apache.tomcat.util.net.SocketWrapperBase.vectoredOperation(SocketWrapperBase.java:1358)
	at org.apache.tomcat.util.net.SocketWrapperBase.write(SocketWrapperBase.java:1287)
	at org.apache.tomcat.util.net.SocketWrapperBase.write(SocketWrapperBase.java:1262)
	at org.apache.tomcat.websocket.server.WsRemoteEndpointImplServer.doWrite(WsRemoteEndpointImplServer.java:171)
	at org.apache.tomcat.websocket.WsRemoteEndpointImplBase.writeMessagePart(WsRemoteEndpointImplBase.java:521)
	at org.apache.tomcat.websocket.WsRemoteEndpointImplBase.sendMessageBlockInternal(WsRemoteEndpointImplBase.java:313)
	... 24 common frames omitted
2025-09-30 15:31:38 [SpringApplicationShutdownHook] DEBUG o.s.w.s.s.t.s.WebSocketServerSockJsSession - Failure while sending SockJS close frame
java.io.IOException: java.nio.channels.ClosedChannelException
	at org.apache.tomcat.websocket.WsRemoteEndpointImplBase.sendMessageBlockInternal(WsRemoteEndpointImplBase.java:326)
	at org.apache.tomcat.websocket.WsRemoteEndpointImplBase.sendMessageBlock(WsRemoteEndpointImplBase.java:266)
	at org.apache.tomcat.websocket.WsRemoteEndpointImplBase.sendMessageBlock(WsRemoteEndpointImplBase.java:250)
	at org.apache.tomcat.websocket.WsRemoteEndpointImplBase.sendPartialString(WsRemoteEndpointImplBase.java:223)
	at org.apache.tomcat.websocket.WsRemoteEndpointBasic.sendText(WsRemoteEndpointBasic.java:48)
	at org.springframework.web.socket.adapter.standard.StandardWebSocketSession.sendTextMessage(StandardWebSocketSession.java:217)
	at org.springframework.web.socket.adapter.AbstractWebSocketSession.sendMessage(AbstractWebSocketSession.java:108)
	at org.springframework.web.socket.sockjs.transport.session.WebSocketServerSockJsSession.writeFrameInternal(WebSocketServerSockJsSession.java:228)
	at org.springframework.web.socket.sockjs.transport.session.AbstractSockJsSession.close(AbstractSockJsSession.java:188)
	at org.springframework.web.socket.handler.WebSocketSessionDecorator.close(WebSocketSessionDecorator.java:164)
	at org.springframework.web.socket.handler.ConcurrentWebSocketSessionDecorator.close(ConcurrentWebSocketSessionDecorator.java:279)
	at org.springframework.web.socket.messaging.SubProtocolWebSocketHandler.stop(SubProtocolWebSocketHandler.java:308)
	at org.springframework.web.socket.messaging.SubProtocolWebSocketHandler.stop(SubProtocolWebSocketHandler.java:321)
	at org.springframework.context.support.DefaultLifecycleProcessor.doStop(DefaultLifecycleProcessor.java:463)
	at org.springframework.context.support.DefaultLifecycleProcessor$LifecycleGroup.stop(DefaultLifecycleProcessor.java:618)
	at java.base/java.lang.Iterable.forEach(Iterable.java:75)
	at org.springframework.context.support.DefaultLifecycleProcessor.stopBeans(DefaultLifecycleProcessor.java:432)
	at org.springframework.context.support.DefaultLifecycleProcessor.onClose(DefaultLifecycleProcessor.java:323)
	at org.springframework.context.support.AbstractApplicationContext.doClose(AbstractApplicationContext.java:1172)
	at org.springframework.boot.web.servlet.context.ServletWebServerApplicationContext.doClose(ServletWebServerApplicationContext.java:179)
	at org.springframework.context.support.AbstractApplicationContext.close(AbstractApplicationContext.java:1126)
	at org.springframework.boot.SpringApplicationShutdownHook.closeAndWait(SpringApplicationShutdownHook.java:147)
	at java.base/java.lang.Iterable.forEach(Iterable.java:75)
	at org.springframework.boot.SpringApplicationShutdownHook.run(SpringApplicationShutdownHook.java:116)
	at java.base/java.lang.Thread.run(Thread.java:1583)
Caused by: java.nio.channels.ClosedChannelException: null
	at org.apache.tomcat.util.net.NioChannel$1.write(NioChannel.java:282)
	at org.apache.tomcat.util.net.NioEndpoint$NioSocketWrapper$NioOperationState.run(NioEndpoint.java:1665)
	at org.apache.tomcat.util.net.SocketWrapperBase$OperationState.start(SocketWrapperBase.java:987)
	at org.apache.tomcat.util.net.SocketWrapperBase.vectoredOperation(SocketWrapperBase.java:1358)
	at org.apache.tomcat.util.net.SocketWrapperBase.write(SocketWrapperBase.java:1287)
	at org.apache.tomcat.util.net.SocketWrapperBase.write(SocketWrapperBase.java:1262)
	at org.apache.tomcat.websocket.server.WsRemoteEndpointImplServer.doWrite(WsRemoteEndpointImplServer.java:171)
	at org.apache.tomcat.websocket.WsRemoteEndpointImplBase.writeMessagePart(WsRemoteEndpointImplBase.java:521)
	at org.apache.tomcat.websocket.WsRemoteEndpointImplBase.sendMessageBlockInternal(WsRemoteEndpointImplBase.java:313)
	... 24 common frames omitted
2025-09-30 15:31:38 [SpringApplicationShutdownHook] DEBUG o.s.w.s.h.LoggingWebSocketHandlerDecorator - WebSocketServerSockJsSession[id=1rnxfy10] closed with CloseStatus[code=1001, reason=null]
2025-09-30 15:31:38 [SpringApplicationShutdownHook] DEBUG o.s.w.s.m.SubProtocolWebSocketHandler - Clearing session 1rnxfy10
2025-09-30 15:31:38 [SpringApplicationShutdownHook] INFO  c.b.e.config.WebSocketEventListener - user disconnected: 1
2025-09-30 15:31:38 [clientInboundChannel-14] DEBUG org.springframework.web.SimpLogging - Processing DISCONNECT session=1rnxfy10
2025-09-30 15:31:38 [SpringApplicationShutdownHook] DEBUG org.springframework.web.SimpLogging - clientInboundChannel removed WebSocketAnnotationMethodMessageHandler[prefixes=[/app/]]
2025-09-30 15:31:38 [SpringApplicationShutdownHook] INFO  org.springframework.web.SimpLogging - Stopping...
2025-09-30 15:31:38 [SpringApplicationShutdownHook] INFO  org.springframework.web.SimpLogging - BrokerAvailabilityEvent[available=false, SimpleBrokerMessageHandler [org.springframework.messaging.simp.broker.DefaultSubscriptionRegistry@61736817]]
2025-09-30 15:31:38 [SpringApplicationShutdownHook] DEBUG org.springframework.web.SimpLogging - clientInboundChannel removed SimpleBrokerMessageHandler [org.springframework.messaging.simp.broker.DefaultSubscriptionRegistry@61736817]
2025-09-30 15:31:38 [SpringApplicationShutdownHook] DEBUG org.springframework.web.SimpLogging - brokerChannel removed SimpleBrokerMessageHandler [org.springframework.messaging.simp.broker.DefaultSubscriptionRegistry@61736817]
2025-09-30 15:31:38 [SpringApplicationShutdownHook] INFO  org.springframework.web.SimpLogging - Stopped.
2025-09-30 15:31:38 [SpringApplicationShutdownHook] DEBUG org.springframework.web.SimpLogging - clientInboundChannel removed UserDestinationMessageHandler[DefaultUserDestinationResolver[prefix=/user/]]
2025-09-30 15:31:38 [SpringApplicationShutdownHook] DEBUG org.springframework.web.SimpLogging - brokerChannel removed UserDestinationMessageHandler[DefaultUserDestinationResolver[prefix=/user/]]
2025-09-30 16:11:51 [main] INFO  c.b.e.EasychatsystemApplication - Starting EasychatsystemApplication using Java 21.0.8 with PID 109577 (/home/andy/Developments/local/java_workspace/easychatsystem/target/classes started by andy in /home/andy/Developments/local/java_workspace/easychatsystem)
2025-09-30 16:11:51 [main] DEBUG c.b.e.EasychatsystemApplication - Running with Spring Boot v3.5.4, Spring v6.2.9
2025-09-30 16:11:51 [main] INFO  c.b.e.EasychatsystemApplication - No active profile set, falling back to 1 default profile: "default"
2025-09-30 16:11:54 [main] ERROR o.s.o.j.LocalContainerEntityManagerFactoryBean - Failed to initialize JPA EntityManagerFactory: Collection 'com.binary.easychatsystem.model.ChatConversation.messages' is 'mappedBy' a property named 'conversation' which does not exist in the target entity 'com.binary.easychatsystem.model.ChatConversation'
2025-09-30 16:11:54 [main] WARN  o.s.b.w.s.c.AnnotationConfigServletWebServerApplicationContext - Exception encountered during context initialization - cancelling refresh attempt: org.springframework.beans.factory.BeanCreationException: Error creating bean with name 'entityManagerFactory' defined in class path resource [org/springframework/boot/autoconfigure/orm/jpa/HibernateJpaConfiguration.class]: Collection 'com.binary.easychatsystem.model.ChatConversation.messages' is 'mappedBy' a property named 'conversation' which does not exist in the target entity 'com.binary.easychatsystem.model.ChatConversation'
2025-09-30 16:11:54 [main] ERROR o.s.boot.SpringApplication - Application run failed
org.springframework.beans.factory.BeanCreationException: Error creating bean with name 'entityManagerFactory' defined in class path resource [org/springframework/boot/autoconfigure/orm/jpa/HibernateJpaConfiguration.class]: Collection 'com.binary.easychatsystem.model.ChatConversation.messages' is 'mappedBy' a property named 'conversation' which does not exist in the target entity 'com.binary.easychatsystem.model.ChatConversation'
	at org.springframework.beans.factory.support.AbstractAutowireCapableBeanFactory.initializeBean(AbstractAutowireCapableBeanFactory.java:1826)
	at org.springframework.beans.factory.support.AbstractAutowireCapableBeanFactory.doCreateBean(AbstractAutowireCapableBeanFactory.java:607)
	at org.springframework.beans.factory.support.AbstractAutowireCapableBeanFactory.createBean(AbstractAutowireCapableBeanFactory.java:529)
	at org.springframework.beans.factory.support.AbstractBeanFactory.lambda$doGetBean$0(AbstractBeanFactory.java:339)
	at org.springframework.beans.factory.support.DefaultSingletonBeanRegistry.getSingleton(DefaultSingletonBeanRegistry.java:373)
	at org.springframework.beans.factory.support.AbstractBeanFactory.doGetBean(AbstractBeanFactory.java:337)
	at org.springframework.beans.factory.support.AbstractBeanFactory.getBean(AbstractBeanFactory.java:207)
	at org.springframework.context.support.AbstractApplicationContext.finishBeanFactoryInitialization(AbstractApplicationContext.java:970)
	at org.springframework.context.support.AbstractApplicationContext.refresh(AbstractApplicationContext.java:627)
	at org.springframework.boot.web.servlet.context.ServletWebServerApplicationContext.refresh(ServletWebServerApplicationContext.java:146)
	at org.springframework.boot.SpringApplication.refresh(SpringApplication.java:752)
	at org.springframework.boot.SpringApplication.refreshContext(SpringApplication.java:439)
	at org.springframework.boot.SpringApplication.run(SpringApplication.java:318)
	at org.springframework.boot.SpringApplication.run(SpringApplication.java:1361)
	at org.springframework.boot.SpringApplication.run(SpringApplication.java:1350)
	at com.binary.easychatsystem.EasychatsystemApplication.main(EasychatsystemApplication.java:10)
Caused by: org.hibernate.AnnotationException: Collection 'com.binary.easychatsystem.model.ChatConversation.messages' is 'mappedBy' a property named 'conversation' which does not exist in the target entity 'com.binary.easychatsystem.model.ChatConversation'
	at org.hibernate.boot.model.internal.CollectionBinder.isReversePropertyInJoin(CollectionBinder.java:1638)
	at org.hibernate.boot.model.internal.CollectionBinder.noAssociationTable(CollectionBinder.java:1652)
	at org.hibernate.boot.model.internal.CollectionBinder.bindStarToManySecondPass(CollectionBinder.java:1613)
	at org.hibernate.boot.model.internal.CollectionBinder$1.secondPass(CollectionBinder.java:1604)
	at org.hibernate.boot.model.internal.CollectionSecondPass.doSecondPass(CollectionSecondPass.java:45)
	at org.hibernate.boot.internal.InFlightMetadataCollectorImpl.processSecondPasses(InFlightMetadataCollectorImpl.java:1842)
	at org.hibernate.boot.internal.InFlightMetadataCollectorImpl.processSecondPasses(InFlightMetadataCollectorImpl.java:1800)
	at org.hibernate.boot.model.process.spi.MetadataBuildingProcess.complete(MetadataBuildingProcess.java:334)
	at org.hibernate.jpa.boot.internal.EntityManagerFactoryBuilderImpl.metadata(EntityManagerFactoryBuilderImpl.java:1442)
	at org.hibernate.jpa.boot.internal.EntityManagerFactoryBuilderImpl.build(EntityManagerFactoryBuilderImpl.java:1513)
	at org.springframework.orm.jpa.vendor.SpringHibernateJpaPersistenceProvider.createContainerEntityManagerFactory(SpringHibernateJpaPersistenceProvider.java:66)
	at org.springframework.orm.jpa.LocalContainerEntityManagerFactoryBean.createNativeEntityManagerFactory(LocalContainerEntityManagerFactoryBean.java:390)
	at org.springframework.orm.jpa.AbstractEntityManagerFactoryBean.buildNativeEntityManagerFactory(AbstractEntityManagerFactoryBean.java:419)
	at org.springframework.orm.jpa.AbstractEntityManagerFactoryBean.afterPropertiesSet(AbstractEntityManagerFactoryBean.java:400)
	at org.springframework.orm.jpa.LocalContainerEntityManagerFactoryBean.afterPropertiesSet(LocalContainerEntityManagerFactoryBean.java:366)
	at org.springframework.beans.factory.support.AbstractAutowireCapableBeanFactory.invokeInitMethods(AbstractAutowireCapableBeanFactory.java:1873)
	at org.springframework.beans.factory.support.AbstractAutowireCapableBeanFactory.initializeBean(AbstractAutowireCapableBeanFactory.java:1822)
	... 15 common frames omitted
2025-09-30 16:12:22 [main] INFO  c.b.e.EasychatsystemApplication - Starting EasychatsystemApplication using Java 21.0.8 with PID 109708 (/home/andy/Developments/local/java_workspace/easychatsystem/target/classes started by andy in /home/andy/Developments/local/java_workspace/easychatsystem)
2025-09-30 16:12:22 [main] DEBUG c.b.e.EasychatsystemApplication - Running with Spring Boot v3.5.4, Spring v6.2.9
2025-09-30 16:12:22 [main] INFO  c.b.e.EasychatsystemApplication - No active profile set, falling back to 1 default profile: "default"
2025-09-30 16:12:25 [main] ERROR o.s.o.j.LocalContainerEntityManagerFactoryBean - Failed to initialize JPA EntityManagerFactory: Collection 'com.binary.easychatsystem.model.ChatConversation.messages' is 'mappedBy' a property named 'conversation' which does not exist in the target entity 'com.binary.easychatsystem.model.ChatConversation'
2025-09-30 16:12:25 [main] WARN  o.s.b.w.s.c.AnnotationConfigServletWebServerApplicationContext - Exception encountered during context initialization - cancelling refresh attempt: org.springframework.beans.factory.BeanCreationException: Error creating bean with name 'entityManagerFactory' defined in class path resource [org/springframework/boot/autoconfigure/orm/jpa/HibernateJpaConfiguration.class]: Collection 'com.binary.easychatsystem.model.ChatConversation.messages' is 'mappedBy' a property named 'conversation' which does not exist in the target entity 'com.binary.easychatsystem.model.ChatConversation'
2025-09-30 16:12:25 [main] ERROR o.s.boot.SpringApplication - Application run failed
org.springframework.beans.factory.BeanCreationException: Error creating bean with name 'entityManagerFactory' defined in class path resource [org/springframework/boot/autoconfigure/orm/jpa/HibernateJpaConfiguration.class]: Collection 'com.binary.easychatsystem.model.ChatConversation.messages' is 'mappedBy' a property named 'conversation' which does not exist in the target entity 'com.binary.easychatsystem.model.ChatConversation'
	at org.springframework.beans.factory.support.AbstractAutowireCapableBeanFactory.initializeBean(AbstractAutowireCapableBeanFactory.java:1826)
	at org.springframework.beans.factory.support.AbstractAutowireCapableBeanFactory.doCreateBean(AbstractAutowireCapableBeanFactory.java:607)
	at org.springframework.beans.factory.support.AbstractAutowireCapableBeanFactory.createBean(AbstractAutowireCapableBeanFactory.java:529)
	at org.springframework.beans.factory.support.AbstractBeanFactory.lambda$doGetBean$0(AbstractBeanFactory.java:339)
	at org.springframework.beans.factory.support.DefaultSingletonBeanRegistry.getSingleton(DefaultSingletonBeanRegistry.java:373)
	at org.springframework.beans.factory.support.AbstractBeanFactory.doGetBean(AbstractBeanFactory.java:337)
	at org.springframework.beans.factory.support.AbstractBeanFactory.getBean(AbstractBeanFactory.java:207)
	at org.springframework.context.support.AbstractApplicationContext.finishBeanFactoryInitialization(AbstractApplicationContext.java:970)
	at org.springframework.context.support.AbstractApplicationContext.refresh(AbstractApplicationContext.java:627)
	at org.springframework.boot.web.servlet.context.ServletWebServerApplicationContext.refresh(ServletWebServerApplicationContext.java:146)
	at org.springframework.boot.SpringApplication.refresh(SpringApplication.java:752)
	at org.springframework.boot.SpringApplication.refreshContext(SpringApplication.java:439)
	at org.springframework.boot.SpringApplication.run(SpringApplication.java:318)
	at org.springframework.boot.SpringApplication.run(SpringApplication.java:1361)
	at org.springframework.boot.SpringApplication.run(SpringApplication.java:1350)
	at com.binary.easychatsystem.EasychatsystemApplication.main(EasychatsystemApplication.java:10)
Caused by: org.hibernate.AnnotationException: Collection 'com.binary.easychatsystem.model.ChatConversation.messages' is 'mappedBy' a property named 'conversation' which does not exist in the target entity 'com.binary.easychatsystem.model.ChatConversation'
	at org.hibernate.boot.model.internal.CollectionBinder.isReversePropertyInJoin(CollectionBinder.java:1638)
	at org.hibernate.boot.model.internal.CollectionBinder.noAssociationTable(CollectionBinder.java:1652)
	at org.hibernate.boot.model.internal.CollectionBinder.bindStarToManySecondPass(CollectionBinder.java:1613)
	at org.hibernate.boot.model.internal.CollectionBinder$1.secondPass(CollectionBinder.java:1604)
	at org.hibernate.boot.model.internal.CollectionSecondPass.doSecondPass(CollectionSecondPass.java:45)
	at org.hibernate.boot.internal.InFlightMetadataCollectorImpl.processSecondPasses(InFlightMetadataCollectorImpl.java:1842)
	at org.hibernate.boot.internal.InFlightMetadataCollectorImpl.processSecondPasses(InFlightMetadataCollectorImpl.java:1800)
	at org.hibernate.boot.model.process.spi.MetadataBuildingProcess.complete(MetadataBuildingProcess.java:334)
	at org.hibernate.jpa.boot.internal.EntityManagerFactoryBuilderImpl.metadata(EntityManagerFactoryBuilderImpl.java:1442)
	at org.hibernate.jpa.boot.internal.EntityManagerFactoryBuilderImpl.build(EntityManagerFactoryBuilderImpl.java:1513)
	at org.springframework.orm.jpa.vendor.SpringHibernateJpaPersistenceProvider.createContainerEntityManagerFactory(SpringHibernateJpaPersistenceProvider.java:66)
	at org.springframework.orm.jpa.LocalContainerEntityManagerFactoryBean.createNativeEntityManagerFactory(LocalContainerEntityManagerFactoryBean.java:390)
	at org.springframework.orm.jpa.AbstractEntityManagerFactoryBean.buildNativeEntityManagerFactory(AbstractEntityManagerFactoryBean.java:419)
	at org.springframework.orm.jpa.AbstractEntityManagerFactoryBean.afterPropertiesSet(AbstractEntityManagerFactoryBean.java:400)
	at org.springframework.orm.jpa.LocalContainerEntityManagerFactoryBean.afterPropertiesSet(LocalContainerEntityManagerFactoryBean.java:366)
	at org.springframework.beans.factory.support.AbstractAutowireCapableBeanFactory.invokeInitMethods(AbstractAutowireCapableBeanFactory.java:1873)
	at org.springframework.beans.factory.support.AbstractAutowireCapableBeanFactory.initializeBean(AbstractAutowireCapableBeanFactory.java:1822)
	... 15 common frames omitted
2025-09-30 16:17:21 [main] INFO  c.b.e.EasychatsystemApplication - Starting EasychatsystemApplication using Java 21.0.8 with PID 110140 (/home/andy/Developments/local/java_workspace/easychatsystem/target/classes started by andy in /home/andy/Developments/local/java_workspace/easychatsystem)
2025-09-30 16:17:21 [main] DEBUG c.b.e.EasychatsystemApplication - Running with Spring Boot v3.5.4, Spring v6.2.9
2025-09-30 16:17:21 [main] INFO  c.b.e.EasychatsystemApplication - No active profile set, falling back to 1 default profile: "default"
2025-09-30 16:17:24 [main] ERROR o.s.o.j.LocalContainerEntityManagerFactoryBean - Failed to initialize JPA EntityManagerFactory: Collection 'com.binary.easychatsystem.model.User.conversations' is 'mappedBy' a property named 'user' which does not exist in the target entity 'com.binary.easychatsystem.model.ChatConversationParticipant'
2025-09-30 16:17:24 [main] WARN  o.s.b.w.s.c.AnnotationConfigServletWebServerApplicationContext - Exception encountered during context initialization - cancelling refresh attempt: org.springframework.beans.factory.BeanCreationException: Error creating bean with name 'entityManagerFactory' defined in class path resource [org/springframework/boot/autoconfigure/orm/jpa/HibernateJpaConfiguration.class]: Collection 'com.binary.easychatsystem.model.User.conversations' is 'mappedBy' a property named 'user' which does not exist in the target entity 'com.binary.easychatsystem.model.ChatConversationParticipant'
2025-09-30 16:17:24 [main] ERROR o.s.boot.SpringApplication - Application run failed
org.springframework.beans.factory.BeanCreationException: Error creating bean with name 'entityManagerFactory' defined in class path resource [org/springframework/boot/autoconfigure/orm/jpa/HibernateJpaConfiguration.class]: Collection 'com.binary.easychatsystem.model.User.conversations' is 'mappedBy' a property named 'user' which does not exist in the target entity 'com.binary.easychatsystem.model.ChatConversationParticipant'
	at org.springframework.beans.factory.support.AbstractAutowireCapableBeanFactory.initializeBean(AbstractAutowireCapableBeanFactory.java:1826)
	at org.springframework.beans.factory.support.AbstractAutowireCapableBeanFactory.doCreateBean(AbstractAutowireCapableBeanFactory.java:607)
	at org.springframework.beans.factory.support.AbstractAutowireCapableBeanFactory.createBean(AbstractAutowireCapableBeanFactory.java:529)
	at org.springframework.beans.factory.support.AbstractBeanFactory.lambda$doGetBean$0(AbstractBeanFactory.java:339)
	at org.springframework.beans.factory.support.DefaultSingletonBeanRegistry.getSingleton(DefaultSingletonBeanRegistry.java:373)
	at org.springframework.beans.factory.support.AbstractBeanFactory.doGetBean(AbstractBeanFactory.java:337)
	at org.springframework.beans.factory.support.AbstractBeanFactory.getBean(AbstractBeanFactory.java:207)
	at org.springframework.context.support.AbstractApplicationContext.finishBeanFactoryInitialization(AbstractApplicationContext.java:970)
	at org.springframework.context.support.AbstractApplicationContext.refresh(AbstractApplicationContext.java:627)
	at org.springframework.boot.web.servlet.context.ServletWebServerApplicationContext.refresh(ServletWebServerApplicationContext.java:146)
	at org.springframework.boot.SpringApplication.refresh(SpringApplication.java:752)
	at org.springframework.boot.SpringApplication.refreshContext(SpringApplication.java:439)
	at org.springframework.boot.SpringApplication.run(SpringApplication.java:318)
	at org.springframework.boot.SpringApplication.run(SpringApplication.java:1361)
	at org.springframework.boot.SpringApplication.run(SpringApplication.java:1350)
	at com.binary.easychatsystem.EasychatsystemApplication.main(EasychatsystemApplication.java:10)
Caused by: org.hibernate.AnnotationException: Collection 'com.binary.easychatsystem.model.User.conversations' is 'mappedBy' a property named 'user' which does not exist in the target entity 'com.binary.easychatsystem.model.ChatConversationParticipant'
	at org.hibernate.boot.model.internal.CollectionBinder.isReversePropertyInJoin(CollectionBinder.java:1638)
	at org.hibernate.boot.model.internal.CollectionBinder.noAssociationTable(CollectionBinder.java:1652)
	at org.hibernate.boot.model.internal.CollectionBinder.bindStarToManySecondPass(CollectionBinder.java:1613)
	at org.hibernate.boot.model.internal.CollectionBinder$1.secondPass(CollectionBinder.java:1604)
	at org.hibernate.boot.model.internal.CollectionSecondPass.doSecondPass(CollectionSecondPass.java:45)
	at org.hibernate.boot.internal.InFlightMetadataCollectorImpl.processSecondPasses(InFlightMetadataCollectorImpl.java:1842)
	at org.hibernate.boot.internal.InFlightMetadataCollectorImpl.processSecondPasses(InFlightMetadataCollectorImpl.java:1800)
	at org.hibernate.boot.model.process.spi.MetadataBuildingProcess.complete(MetadataBuildingProcess.java:334)
	at org.hibernate.jpa.boot.internal.EntityManagerFactoryBuilderImpl.metadata(EntityManagerFactoryBuilderImpl.java:1442)
	at org.hibernate.jpa.boot.internal.EntityManagerFactoryBuilderImpl.build(EntityManagerFactoryBuilderImpl.java:1513)
	at org.springframework.orm.jpa.vendor.SpringHibernateJpaPersistenceProvider.createContainerEntityManagerFactory(SpringHibernateJpaPersistenceProvider.java:66)
	at org.springframework.orm.jpa.LocalContainerEntityManagerFactoryBean.createNativeEntityManagerFactory(LocalContainerEntityManagerFactoryBean.java:390)
	at org.springframework.orm.jpa.AbstractEntityManagerFactoryBean.buildNativeEntityManagerFactory(AbstractEntityManagerFactoryBean.java:419)
	at org.springframework.orm.jpa.AbstractEntityManagerFactoryBean.afterPropertiesSet(AbstractEntityManagerFactoryBean.java:400)
	at org.springframework.orm.jpa.LocalContainerEntityManagerFactoryBean.afterPropertiesSet(LocalContainerEntityManagerFactoryBean.java:366)
	at org.springframework.beans.factory.support.AbstractAutowireCapableBeanFactory.invokeInitMethods(AbstractAutowireCapableBeanFactory.java:1873)
	at org.springframework.beans.factory.support.AbstractAutowireCapableBeanFactory.initializeBean(AbstractAutowireCapableBeanFactory.java:1822)
	... 15 common frames omitted
2025-09-30 16:18:32 [main] INFO  c.b.e.EasychatsystemApplication - Starting EasychatsystemApplication using Java 21.0.8 with PID 110328 (/home/andy/Developments/local/java_workspace/easychatsystem/target/classes started by andy in /home/andy/Developments/local/java_workspace/easychatsystem)
2025-09-30 16:18:32 [main] DEBUG c.b.e.EasychatsystemApplication - Running with Spring Boot v3.5.4, Spring v6.2.9
2025-09-30 16:18:32 [main] INFO  c.b.e.EasychatsystemApplication - No active profile set, falling back to 1 default profile: "default"
2025-09-30 16:18:36 [main] WARN  o.s.b.a.o.j.JpaBaseConfiguration$JpaWebConfiguration - spring.jpa.open-in-view is enabled by default. Therefore, database queries may be performed during view rendering. Explicitly configure spring.jpa.open-in-view to disable this warning
2025-09-30 16:18:36 [main] DEBUG o.s.w.s.s.s.WebSocketHandlerMapping - Patterns [/ws/**] in 'stompWebSocketHandlerMapping'
2025-09-30 16:18:36 [main] DEBUG o.s.w.s.m.m.a.RequestMappingHandlerMapping - 13 mappings in 'requestMappingHandlerMapping'
2025-09-30 16:18:37 [main] DEBUG o.s.w.s.h.SimpleUrlHandlerMapping - Patterns [/webjars/**, /**] in 'resourceHandlerMapping'
2025-09-30 16:18:37 [main] DEBUG o.s.w.s.m.WebSocketAnnotationMethodMessageHandler - 
	c.b.e.c.ChatController:
	{[MESSAGE],[/chat.register]}: register(ChatMessage,SimpMessageHeaderAccessor)
	{[MESSAGE],[/chat.send]}: sendMessage(SendMessageRequest)
	{[MESSAGE],[/chat.typing]}: handleTyping(TypingRequest)
	{[MESSAGE],[/chat.read]}: handleReadReceipt(ReadReceiptRequest)
2025-09-30 16:18:37 [main] DEBUG o.s.w.s.m.WebSocketAnnotationMethodMessageHandler - 
	c.b.e.c.ChatRestController:
	
2025-09-30 16:18:37 [main] DEBUG o.s.w.s.m.WebSocketAnnotationMethodMessageHandler - 
	c.b.e.c.UserController:
	
2025-09-30 16:18:37 [main] DEBUG o.s.w.s.m.WebSocketAnnotationMethodMessageHandler - 
	o.s.b.a.w.s.e.BasicErrorController:
	
2025-09-30 16:18:37 [main] DEBUG o.s.w.s.m.m.a.RequestMappingHandlerAdapter - ControllerAdvice beans: 0 @ModelAttribute, 0 @InitBinder, 1 RequestBodyAdvice, 1 ResponseBodyAdvice
2025-09-30 16:18:37 [main] DEBUG o.s.w.s.m.m.a.ExceptionHandlerExceptionResolver - ControllerAdvice beans: 1 @ExceptionHandler, 1 ResponseBodyAdvice
2025-09-30 16:18:37 [main] DEBUG org.springframework.web.SimpLogging - clientOutboundChannel added SubProtocolWebSocketHandler[StompSubProtocolHandler[v10.stomp, v11.stomp, v12.stomp]]
2025-09-30 16:18:37 [main] DEBUG org.springframework.web.SimpLogging - clientInboundChannel added WebSocketAnnotationMethodMessageHandler[prefixes=[/app/]]
2025-09-30 16:18:37 [main] INFO  org.springframework.web.SimpLogging - Starting...
2025-09-30 16:18:37 [main] DEBUG org.springframework.web.SimpLogging - clientInboundChannel added SimpleBrokerMessageHandler [org.springframework.messaging.simp.broker.DefaultSubscriptionRegistry@41862a32]
2025-09-30 16:18:37 [main] DEBUG org.springframework.web.SimpLogging - brokerChannel added SimpleBrokerMessageHandler [org.springframework.messaging.simp.broker.DefaultSubscriptionRegistry@41862a32]
2025-09-30 16:18:37 [main] INFO  org.springframework.web.SimpLogging - BrokerAvailabilityEvent[available=true, SimpleBrokerMessageHandler [org.springframework.messaging.simp.broker.DefaultSubscriptionRegistry@41862a32]]
2025-09-30 16:18:37 [main] INFO  org.springframework.web.SimpLogging - Started.
2025-09-30 16:18:37 [main] DEBUG org.springframework.web.SimpLogging - clientInboundChannel added UserDestinationMessageHandler[DefaultUserDestinationResolver[prefix=/user/]]
2025-09-30 16:18:37 [main] DEBUG org.springframework.web.SimpLogging - brokerChannel added UserDestinationMessageHandler[DefaultUserDestinationResolver[prefix=/user/]]
2025-09-30 16:18:37 [main] INFO  c.b.e.EasychatsystemApplication - Started EasychatsystemApplication in 5.484 seconds (process running for 5.792)
2025-09-30 16:18:38 [http-nio-8485-exec-1] INFO  o.s.web.servlet.DispatcherServlet - Initializing Servlet 'dispatcherServlet'
2025-09-30 16:18:38 [http-nio-8485-exec-1] DEBUG o.s.web.servlet.DispatcherServlet - Detected StandardServletMultipartResolver
2025-09-30 16:18:38 [http-nio-8485-exec-1] DEBUG o.s.web.servlet.DispatcherServlet - Detected AcceptHeaderLocaleResolver
2025-09-30 16:18:38 [http-nio-8485-exec-1] DEBUG o.s.web.servlet.DispatcherServlet - Detected FixedThemeResolver
2025-09-30 16:18:38 [http-nio-8485-exec-1] DEBUG o.s.web.servlet.DispatcherServlet - Detected org.springframework.web.servlet.view.DefaultRequestToViewNameTranslator@49dce561
2025-09-30 16:18:38 [http-nio-8485-exec-1] DEBUG o.s.web.servlet.DispatcherServlet - Detected org.springframework.web.servlet.support.SessionFlashMapManager@20bd4fd2
2025-09-30 16:18:38 [http-nio-8485-exec-1] DEBUG o.s.web.servlet.DispatcherServlet - enableLoggingRequestDetails='false': request parameters and headers will be masked to prevent unsafe logging of potentially sensitive data
2025-09-30 16:18:38 [http-nio-8485-exec-1] INFO  o.s.web.servlet.DispatcherServlet - Completed initialization in 2 ms
2025-09-30 16:18:38 [http-nio-8485-exec-1] DEBUG o.s.web.servlet.DispatcherServlet - GET "/ws/info?t=1759223918203", parameters={masked}
2025-09-30 16:18:38 [http-nio-8485-exec-1] DEBUG o.s.w.s.s.s.WebSocketHandlerMapping - Mapped to org.springframework.web.socket.sockjs.support.SockJsHttpRequestHandler@7231c423
2025-09-30 16:18:38 [http-nio-8485-exec-1] DEBUG o.s.w.s.s.t.h.DefaultSockJsService - Processing transport request: GET http://localhost:8485/ws/info?t=1759223918203
2025-09-30 16:18:38 [http-nio-8485-exec-1] DEBUG o.s.web.servlet.DispatcherServlet - Completed 200 OK
2025-09-30 16:18:38 [http-nio-8485-exec-2] DEBUG o.s.web.servlet.DispatcherServlet - GET "/ws/444/e5mcrtra/websocket", parameters={}
2025-09-30 16:18:38 [http-nio-8485-exec-2] DEBUG o.s.w.s.s.s.WebSocketHandlerMapping - Mapped to org.springframework.web.socket.sockjs.support.SockJsHttpRequestHandler@7231c423
2025-09-30 16:18:38 [http-nio-8485-exec-2] DEBUG o.s.w.s.s.t.h.DefaultSockJsService - Processing transport request: GET http://localhost:8485/ws/444/e5mcrtra/websocket
2025-09-30 16:18:38 [http-nio-8485-exec-2] DEBUG o.s.web.servlet.DispatcherServlet - Completed 101 SWITCHING_PROTOCOLS
2025-09-30 16:18:38 [http-nio-8485-exec-2] DEBUG o.s.w.s.h.LoggingWebSocketHandlerDecorator - New WebSocketServerSockJsSession[id=e5mcrtra]
2025-09-30 16:18:38 [clientInboundChannel-2] DEBUG org.springframework.web.SimpLogging - Processing CONNECT session=e5mcrtra
2025-09-30 16:18:38 [clientInboundChannel-4] DEBUG o.s.w.s.m.WebSocketAnnotationMethodMessageHandler - Searching methods to handle SEND /app/chat.register session=e5mcrtra, lookupDestination='/chat.register'
2025-09-30 16:18:38 [clientInboundChannel-8] DEBUG org.springframework.web.SimpLogging - Processing SUBSCRIBE /user/queue/message.status id=sub-0 session=e5mcrtra
2025-09-30 16:18:38 [clientInboundChannel-9] DEBUG org.springframework.web.SimpLogging - Processing SUBSCRIBE destination=/queue/message.status-usere5mcrtra subscriptionId=sub-0 session=e5mcrtra payload=byte[0]
2025-09-30 16:18:38 [clientInboundChannel-11] DEBUG org.springframework.web.SimpLogging - Processing SUBSCRIBE /topic/conversation.2 id=sub-1 session=e5mcrtra
2025-09-30 16:18:38 [clientInboundChannel-4] DEBUG o.s.w.s.m.WebSocketAnnotationMethodMessageHandler - Invoking ChatController#register[2 args]
2025-09-30 16:18:48 [SpringApplicationShutdownHook] DEBUG org.springframework.web.SimpLogging - clientOutboundChannel removed SubProtocolWebSocketHandler[StompSubProtocolHandler[v10.stomp, v11.stomp, v12.stomp]]
2025-09-30 16:18:48 [SpringApplicationShutdownHook] DEBUG o.s.w.s.s.t.s.WebSocketServerSockJsSession - Closing SockJS session e5mcrtra with CloseStatus[code=1001, reason=null]
2025-09-30 16:18:48 [SpringApplicationShutdownHook] DEBUG o.s.w.s.h.LoggingWebSocketHandlerDecorator - Transport error in WebSocketServerSockJsSession[id=e5mcrtra]
java.io.IOException: java.nio.channels.ClosedChannelException
	at org.apache.tomcat.websocket.WsRemoteEndpointImplBase.sendMessageBlockInternal(WsRemoteEndpointImplBase.java:326)
	at org.apache.tomcat.websocket.WsRemoteEndpointImplBase.sendMessageBlock(WsRemoteEndpointImplBase.java:266)
	at org.apache.tomcat.websocket.WsSession.sendCloseMessage(WsSession.java:778)
	at org.apache.tomcat.websocket.WsSession.doClose(WsSession.java:575)
	at org.apache.tomcat.websocket.WsRemoteEndpointImplBase.sendMessageBlockInternal(WsRemoteEndpointImplBase.java:324)
	at org.apache.tomcat.websocket.WsRemoteEndpointImplBase.sendMessageBlock(WsRemoteEndpointImplBase.java:266)
	at org.apache.tomcat.websocket.WsRemoteEndpointImplBase.sendMessageBlock(WsRemoteEndpointImplBase.java:250)
	at org.apache.tomcat.websocket.WsRemoteEndpointImplBase.sendPartialString(WsRemoteEndpointImplBase.java:223)
	at org.apache.tomcat.websocket.WsRemoteEndpointBasic.sendText(WsRemoteEndpointBasic.java:48)
	at org.springframework.web.socket.adapter.standard.StandardWebSocketSession.sendTextMessage(StandardWebSocketSession.java:217)
	at org.springframework.web.socket.adapter.AbstractWebSocketSession.sendMessage(AbstractWebSocketSession.java:108)
	at org.springframework.web.socket.sockjs.transport.session.WebSocketServerSockJsSession.writeFrameInternal(WebSocketServerSockJsSession.java:228)
	at org.springframework.web.socket.sockjs.transport.session.AbstractSockJsSession.close(AbstractSockJsSession.java:188)
	at org.springframework.web.socket.handler.WebSocketSessionDecorator.close(WebSocketSessionDecorator.java:164)
	at org.springframework.web.socket.handler.ConcurrentWebSocketSessionDecorator.close(ConcurrentWebSocketSessionDecorator.java:279)
	at org.springframework.web.socket.messaging.SubProtocolWebSocketHandler.stop(SubProtocolWebSocketHandler.java:308)
	at org.springframework.web.socket.messaging.SubProtocolWebSocketHandler.stop(SubProtocolWebSocketHandler.java:321)
	at org.springframework.context.support.DefaultLifecycleProcessor.doStop(DefaultLifecycleProcessor.java:463)
	at org.springframework.context.support.DefaultLifecycleProcessor$LifecycleGroup.stop(DefaultLifecycleProcessor.java:618)
	at java.base/java.lang.Iterable.forEach(Iterable.java:75)
	at org.springframework.context.support.DefaultLifecycleProcessor.stopBeans(DefaultLifecycleProcessor.java:432)
	at org.springframework.context.support.DefaultLifecycleProcessor.onClose(DefaultLifecycleProcessor.java:323)
	at org.springframework.context.support.AbstractApplicationContext.doClose(AbstractApplicationContext.java:1172)
	at org.springframework.boot.web.servlet.context.ServletWebServerApplicationContext.doClose(ServletWebServerApplicationContext.java:179)
	at org.springframework.context.support.AbstractApplicationContext.close(AbstractApplicationContext.java:1126)
	at org.springframework.boot.SpringApplicationShutdownHook.closeAndWait(SpringApplicationShutdownHook.java:147)
	at java.base/java.lang.Iterable.forEach(Iterable.java:75)
	at org.springframework.boot.SpringApplicationShutdownHook.run(SpringApplicationShutdownHook.java:116)
	at java.base/java.lang.Thread.run(Thread.java:1583)
Caused by: java.nio.channels.ClosedChannelException: null
	at org.apache.tomcat.util.net.NioChannel$1.write(NioChannel.java:282)
	at org.apache.tomcat.util.net.NioEndpoint$NioSocketWrapper$NioOperationState.run(NioEndpoint.java:1665)
	at org.apache.tomcat.util.net.SocketWrapperBase$OperationState.start(SocketWrapperBase.java:987)
	at org.apache.tomcat.util.net.SocketWrapperBase.vectoredOperation(SocketWrapperBase.java:1358)
	at org.apache.tomcat.util.net.SocketWrapperBase.write(SocketWrapperBase.java:1287)
	at org.apache.tomcat.util.net.SocketWrapperBase.write(SocketWrapperBase.java:1262)
	at org.apache.tomcat.websocket.server.WsRemoteEndpointImplServer.doWrite(WsRemoteEndpointImplServer.java:171)
	at org.apache.tomcat.websocket.WsRemoteEndpointImplBase.writeMessagePart(WsRemoteEndpointImplBase.java:521)
	at org.apache.tomcat.websocket.WsRemoteEndpointImplBase.sendMessageBlockInternal(WsRemoteEndpointImplBase.java:313)
	... 24 common frames omitted
2025-09-30 16:18:48 [SpringApplicationShutdownHook] DEBUG o.s.w.s.s.t.s.WebSocketServerSockJsSession - Failure while sending SockJS close frame
java.io.IOException: java.nio.channels.ClosedChannelException
	at org.apache.tomcat.websocket.WsRemoteEndpointImplBase.sendMessageBlockInternal(WsRemoteEndpointImplBase.java:326)
	at org.apache.tomcat.websocket.WsRemoteEndpointImplBase.sendMessageBlock(WsRemoteEndpointImplBase.java:266)
	at org.apache.tomcat.websocket.WsRemoteEndpointImplBase.sendMessageBlock(WsRemoteEndpointImplBase.java:250)
	at org.apache.tomcat.websocket.WsRemoteEndpointImplBase.sendPartialString(WsRemoteEndpointImplBase.java:223)
	at org.apache.tomcat.websocket.WsRemoteEndpointBasic.sendText(WsRemoteEndpointBasic.java:48)
	at org.springframework.web.socket.adapter.standard.StandardWebSocketSession.sendTextMessage(StandardWebSocketSession.java:217)
	at org.springframework.web.socket.adapter.AbstractWebSocketSession.sendMessage(AbstractWebSocketSession.java:108)
	at org.springframework.web.socket.sockjs.transport.session.WebSocketServerSockJsSession.writeFrameInternal(WebSocketServerSockJsSession.java:228)
	at org.springframework.web.socket.sockjs.transport.session.AbstractSockJsSession.close(AbstractSockJsSession.java:188)
	at org.springframework.web.socket.handler.WebSocketSessionDecorator.close(WebSocketSessionDecorator.java:164)
	at org.springframework.web.socket.handler.ConcurrentWebSocketSessionDecorator.close(ConcurrentWebSocketSessionDecorator.java:279)
	at org.springframework.web.socket.messaging.SubProtocolWebSocketHandler.stop(SubProtocolWebSocketHandler.java:308)
	at org.springframework.web.socket.messaging.SubProtocolWebSocketHandler.stop(SubProtocolWebSocketHandler.java:321)
	at org.springframework.context.support.DefaultLifecycleProcessor.doStop(DefaultLifecycleProcessor.java:463)
	at org.springframework.context.support.DefaultLifecycleProcessor$LifecycleGroup.stop(DefaultLifecycleProcessor.java:618)
	at java.base/java.lang.Iterable.forEach(Iterable.java:75)
	at org.springframework.context.support.DefaultLifecycleProcessor.stopBeans(DefaultLifecycleProcessor.java:432)
	at org.springframework.context.support.DefaultLifecycleProcessor.onClose(DefaultLifecycleProcessor.java:323)
	at org.springframework.context.support.AbstractApplicationContext.doClose(AbstractApplicationContext.java:1172)
	at org.springframework.boot.web.servlet.context.ServletWebServerApplicationContext.doClose(ServletWebServerApplicationContext.java:179)
	at org.springframework.context.support.AbstractApplicationContext.close(AbstractApplicationContext.java:1126)
	at org.springframework.boot.SpringApplicationShutdownHook.closeAndWait(SpringApplicationShutdownHook.java:147)
	at java.base/java.lang.Iterable.forEach(Iterable.java:75)
	at org.springframework.boot.SpringApplicationShutdownHook.run(SpringApplicationShutdownHook.java:116)
	at java.base/java.lang.Thread.run(Thread.java:1583)
Caused by: java.nio.channels.ClosedChannelException: null
	at org.apache.tomcat.util.net.NioChannel$1.write(NioChannel.java:282)
	at org.apache.tomcat.util.net.NioEndpoint$NioSocketWrapper$NioOperationState.run(NioEndpoint.java:1665)
	at org.apache.tomcat.util.net.SocketWrapperBase$OperationState.start(SocketWrapperBase.java:987)
	at org.apache.tomcat.util.net.SocketWrapperBase.vectoredOperation(SocketWrapperBase.java:1358)
	at org.apache.tomcat.util.net.SocketWrapperBase.write(SocketWrapperBase.java:1287)
	at org.apache.tomcat.util.net.SocketWrapperBase.write(SocketWrapperBase.java:1262)
	at org.apache.tomcat.websocket.server.WsRemoteEndpointImplServer.doWrite(WsRemoteEndpointImplServer.java:171)
	at org.apache.tomcat.websocket.WsRemoteEndpointImplBase.writeMessagePart(WsRemoteEndpointImplBase.java:521)
	at org.apache.tomcat.websocket.WsRemoteEndpointImplBase.sendMessageBlockInternal(WsRemoteEndpointImplBase.java:313)
	... 24 common frames omitted
2025-09-30 16:18:48 [SpringApplicationShutdownHook] DEBUG o.s.w.s.h.LoggingWebSocketHandlerDecorator - WebSocketServerSockJsSession[id=e5mcrtra] closed with CloseStatus[code=1001, reason=null]
2025-09-30 16:18:48 [SpringApplicationShutdownHook] DEBUG o.s.w.s.m.SubProtocolWebSocketHandler - Clearing session e5mcrtra
2025-09-30 16:18:48 [SpringApplicationShutdownHook] INFO  c.b.e.config.WebSocketEventListener - user disconnected: 1
2025-09-30 16:18:48 [clientInboundChannel-14] DEBUG org.springframework.web.SimpLogging - Processing DISCONNECT session=e5mcrtra
2025-09-30 16:18:48 [SpringApplicationShutdownHook] DEBUG org.springframework.web.SimpLogging - clientInboundChannel removed WebSocketAnnotationMethodMessageHandler[prefixes=[/app/]]
2025-09-30 16:18:48 [SpringApplicationShutdownHook] INFO  org.springframework.web.SimpLogging - Stopping...
2025-09-30 16:18:48 [SpringApplicationShutdownHook] INFO  org.springframework.web.SimpLogging - BrokerAvailabilityEvent[available=false, SimpleBrokerMessageHandler [org.springframework.messaging.simp.broker.DefaultSubscriptionRegistry@41862a32]]
2025-09-30 16:18:48 [SpringApplicationShutdownHook] DEBUG org.springframework.web.SimpLogging - clientInboundChannel removed SimpleBrokerMessageHandler [org.springframework.messaging.simp.broker.DefaultSubscriptionRegistry@41862a32]
2025-09-30 16:18:48 [SpringApplicationShutdownHook] DEBUG org.springframework.web.SimpLogging - brokerChannel removed SimpleBrokerMessageHandler [org.springframework.messaging.simp.broker.DefaultSubscriptionRegistry@41862a32]
2025-09-30 16:18:48 [SpringApplicationShutdownHook] INFO  org.springframework.web.SimpLogging - Stopped.
2025-09-30 16:18:48 [SpringApplicationShutdownHook] DEBUG org.springframework.web.SimpLogging - clientInboundChannel removed UserDestinationMessageHandler[DefaultUserDestinationResolver[prefix=/user/]]
2025-09-30 16:18:48 [SpringApplicationShutdownHook] DEBUG org.springframework.web.SimpLogging - brokerChannel removed UserDestinationMessageHandler[DefaultUserDestinationResolver[prefix=/user/]]
2025-09-30 16:19:10 [main] INFO  c.b.e.EasychatsystemApplication - Starting EasychatsystemApplication using Java 21.0.8 with PID 110522 (/home/andy/Developments/local/java_workspace/easychatsystem/target/classes started by andy in /home/andy/Developments/local/java_workspace/easychatsystem)
2025-09-30 16:19:10 [main] DEBUG c.b.e.EasychatsystemApplication - Running with Spring Boot v3.5.4, Spring v6.2.9
2025-09-30 16:19:10 [main] INFO  c.b.e.EasychatsystemApplication - No active profile set, falling back to 1 default profile: "default"
2025-09-30 16:19:15 [main] WARN  o.s.b.a.o.j.JpaBaseConfiguration$JpaWebConfiguration - spring.jpa.open-in-view is enabled by default. Therefore, database queries may be performed during view rendering. Explicitly configure spring.jpa.open-in-view to disable this warning
2025-09-30 16:19:15 [main] DEBUG o.s.w.s.s.s.WebSocketHandlerMapping - Patterns [/ws/**] in 'stompWebSocketHandlerMapping'
2025-09-30 16:19:15 [main] DEBUG o.s.w.s.m.m.a.RequestMappingHandlerMapping - 13 mappings in 'requestMappingHandlerMapping'
2025-09-30 16:19:15 [main] DEBUG o.s.w.s.h.SimpleUrlHandlerMapping - Patterns [/webjars/**, /**] in 'resourceHandlerMapping'
2025-09-30 16:19:15 [main] DEBUG o.s.w.s.m.WebSocketAnnotationMethodMessageHandler - 
	c.b.e.c.ChatController:
	{[MESSAGE],[/chat.register]}: register(ChatMessage,SimpMessageHeaderAccessor)
	{[MESSAGE],[/chat.send]}: sendMessage(SendMessageRequest)
	{[MESSAGE],[/chat.typing]}: handleTyping(TypingRequest)
	{[MESSAGE],[/chat.read]}: handleReadReceipt(ReadReceiptRequest)
2025-09-30 16:19:15 [main] DEBUG o.s.w.s.m.WebSocketAnnotationMethodMessageHandler - 
	c.b.e.c.ChatRestController:
	
2025-09-30 16:19:15 [main] DEBUG o.s.w.s.m.WebSocketAnnotationMethodMessageHandler - 
	c.b.e.c.UserController:
	
2025-09-30 16:19:15 [main] DEBUG o.s.w.s.m.WebSocketAnnotationMethodMessageHandler - 
	o.s.b.a.w.s.e.BasicErrorController:
	
2025-09-30 16:19:15 [main] DEBUG o.s.w.s.m.m.a.RequestMappingHandlerAdapter - ControllerAdvice beans: 0 @ModelAttribute, 0 @InitBinder, 1 RequestBodyAdvice, 1 ResponseBodyAdvice
2025-09-30 16:19:15 [main] DEBUG o.s.w.s.m.m.a.ExceptionHandlerExceptionResolver - ControllerAdvice beans: 1 @ExceptionHandler, 1 ResponseBodyAdvice
2025-09-30 16:19:16 [main] DEBUG org.springframework.web.SimpLogging - clientOutboundChannel added SubProtocolWebSocketHandler[StompSubProtocolHandler[v10.stomp, v11.stomp, v12.stomp]]
2025-09-30 16:19:16 [main] DEBUG org.springframework.web.SimpLogging - clientInboundChannel added WebSocketAnnotationMethodMessageHandler[prefixes=[/app/]]
2025-09-30 16:19:16 [main] INFO  org.springframework.web.SimpLogging - Starting...
2025-09-30 16:19:16 [main] DEBUG org.springframework.web.SimpLogging - clientInboundChannel added SimpleBrokerMessageHandler [org.springframework.messaging.simp.broker.DefaultSubscriptionRegistry@61cbd0c0]
2025-09-30 16:19:16 [main] DEBUG org.springframework.web.SimpLogging - brokerChannel added SimpleBrokerMessageHandler [org.springframework.messaging.simp.broker.DefaultSubscriptionRegistry@61cbd0c0]
2025-09-30 16:19:16 [main] INFO  org.springframework.web.SimpLogging - BrokerAvailabilityEvent[available=true, SimpleBrokerMessageHandler [org.springframework.messaging.simp.broker.DefaultSubscriptionRegistry@61cbd0c0]]
2025-09-30 16:19:16 [main] INFO  org.springframework.web.SimpLogging - Started.
2025-09-30 16:19:16 [main] DEBUG org.springframework.web.SimpLogging - clientInboundChannel added UserDestinationMessageHandler[DefaultUserDestinationResolver[prefix=/user/]]
2025-09-30 16:19:16 [main] DEBUG org.springframework.web.SimpLogging - brokerChannel added UserDestinationMessageHandler[DefaultUserDestinationResolver[prefix=/user/]]
2025-09-30 16:19:16 [main] INFO  c.b.e.EasychatsystemApplication - Started EasychatsystemApplication in 5.691 seconds (process running for 5.994)
2025-09-30 16:19:18 [http-nio-8485-exec-1] INFO  o.s.web.servlet.DispatcherServlet - Initializing Servlet 'dispatcherServlet'
2025-09-30 16:19:18 [http-nio-8485-exec-1] DEBUG o.s.web.servlet.DispatcherServlet - Detected StandardServletMultipartResolver
2025-09-30 16:19:18 [http-nio-8485-exec-1] DEBUG o.s.web.servlet.DispatcherServlet - Detected AcceptHeaderLocaleResolver
2025-09-30 16:19:18 [http-nio-8485-exec-1] DEBUG o.s.web.servlet.DispatcherServlet - Detected FixedThemeResolver
2025-09-30 16:19:18 [http-nio-8485-exec-1] DEBUG o.s.web.servlet.DispatcherServlet - Detected org.springframework.web.servlet.view.DefaultRequestToViewNameTranslator@35e55afa
2025-09-30 16:19:18 [http-nio-8485-exec-1] DEBUG o.s.web.servlet.DispatcherServlet - Detected org.springframework.web.servlet.support.SessionFlashMapManager@1f953e51
2025-09-30 16:19:18 [http-nio-8485-exec-1] DEBUG o.s.web.servlet.DispatcherServlet - enableLoggingRequestDetails='false': request parameters and headers will be masked to prevent unsafe logging of potentially sensitive data
2025-09-30 16:19:18 [http-nio-8485-exec-1] INFO  o.s.web.servlet.DispatcherServlet - Completed initialization in 1 ms
2025-09-30 16:19:18 [http-nio-8485-exec-1] DEBUG o.s.web.servlet.DispatcherServlet - GET "/ws/info?t=1759223958203", parameters={masked}
2025-09-30 16:19:18 [http-nio-8485-exec-1] DEBUG o.s.w.s.s.s.WebSocketHandlerMapping - Mapped to org.springframework.web.socket.sockjs.support.SockJsHttpRequestHandler@55145dc5
2025-09-30 16:19:18 [http-nio-8485-exec-1] DEBUG o.s.w.s.s.t.h.DefaultSockJsService - Processing transport request: GET http://localhost:8485/ws/info?t=1759223958203
2025-09-30 16:19:18 [http-nio-8485-exec-1] DEBUG o.s.web.servlet.DispatcherServlet - Completed 200 OK
2025-09-30 16:19:18 [http-nio-8485-exec-2] DEBUG o.s.web.servlet.DispatcherServlet - GET "/ws/140/040gh1kh/websocket", parameters={}
2025-09-30 16:19:18 [http-nio-8485-exec-2] DEBUG o.s.w.s.s.s.WebSocketHandlerMapping - Mapped to org.springframework.web.socket.sockjs.support.SockJsHttpRequestHandler@55145dc5
2025-09-30 16:19:18 [http-nio-8485-exec-2] DEBUG o.s.w.s.s.t.h.DefaultSockJsService - Processing transport request: GET http://localhost:8485/ws/140/040gh1kh/websocket
2025-09-30 16:19:18 [http-nio-8485-exec-2] DEBUG o.s.web.servlet.DispatcherServlet - Completed 101 SWITCHING_PROTOCOLS
2025-09-30 16:19:18 [http-nio-8485-exec-2] DEBUG o.s.w.s.h.LoggingWebSocketHandlerDecorator - New WebSocketServerSockJsSession[id=040gh1kh]
2025-09-30 16:19:18 [clientInboundChannel-2] DEBUG org.springframework.web.SimpLogging - Processing CONNECT session=040gh1kh
2025-09-30 16:19:18 [clientInboundChannel-4] DEBUG o.s.w.s.m.WebSocketAnnotationMethodMessageHandler - Searching methods to handle SEND /app/chat.register session=040gh1kh, lookupDestination='/chat.register'
2025-09-30 16:19:18 [clientInboundChannel-8] DEBUG org.springframework.web.SimpLogging - Processing SUBSCRIBE /user/queue/message.status id=sub-0 session=040gh1kh
2025-09-30 16:19:18 [clientInboundChannel-9] DEBUG org.springframework.web.SimpLogging - Processing SUBSCRIBE destination=/queue/message.status-user040gh1kh subscriptionId=sub-0 session=040gh1kh payload=byte[0]
2025-09-30 16:19:18 [clientInboundChannel-11] DEBUG org.springframework.web.SimpLogging - Processing SUBSCRIBE /topic/conversation.2 id=sub-1 session=040gh1kh
2025-09-30 16:19:18 [clientInboundChannel-4] DEBUG o.s.w.s.m.WebSocketAnnotationMethodMessageHandler - Invoking ChatController#register[2 args]
2025-09-30 16:20:16 [MessageBroker-6] INFO  o.s.w.s.c.WebSocketMessageBrokerStats - WebSocketSession[1 current WS(1)-HttpStream(0)-HttpPoll(0), 1 total, 0 closed abnormally (0 connect failure, 0 send limit, 0 transport error)], stompSubProtocol[processed CONNECT(1)-CONNECTED(1)-DISCONNECT(0)], stompBrokerRelay[null], inboundChannel[pool size = 12, active threads = 0, queued tasks = 0, completed tasks = 12], outboundChannel[pool size = 1, active threads = 0, queued tasks = 0, completed tasks = 1], sockJsScheduler[pool size = 8, active threads = 1, queued tasks = 2, completed tasks = 14]
2025-09-30 16:20:21 [http-nio-8485-exec-6] DEBUG o.s.web.servlet.DispatcherServlet - POST "/api/users", parameters={}
2025-09-30 16:20:21 [http-nio-8485-exec-6] DEBUG o.s.w.s.m.m.a.RequestMappingHandlerMapping - Mapped to com.binary.easychatsystem.controller.UserController#createUser(UserRequestDTO)
2025-09-30 16:20:21 [http-nio-8485-exec-6] DEBUG o.s.w.s.m.m.a.RequestResponseBodyMethodProcessor - Read "application/json;charset=UTF-8" to [com.binary.easychatsystem.dto.UserRequestDTO@1e5a5e5f]
2025-09-30 16:20:21 [http-nio-8485-exec-6] DEBUG o.s.w.s.m.m.a.HttpEntityMethodProcessor - Using 'application/json', given [*/*] and supported [application/json, application/*+json]
2025-09-30 16:20:21 [http-nio-8485-exec-6] DEBUG o.s.w.s.m.m.a.HttpEntityMethodProcessor - Writing [com.binary.easychatsystem.model.User@7f64d1eb]
2025-09-30 16:20:21 [http-nio-8485-exec-6] DEBUG o.s.web.servlet.DispatcherServlet - Completed 201 CREATED
2025-09-30 16:20:45 [http-nio-8485-exec-7] DEBUG o.s.web.servlet.DispatcherServlet - POST "/api/users", parameters={}
2025-09-30 16:20:45 [http-nio-8485-exec-7] DEBUG o.s.w.s.m.m.a.RequestMappingHandlerMapping - Mapped to com.binary.easychatsystem.controller.UserController#createUser(UserRequestDTO)
2025-09-30 16:20:45 [http-nio-8485-exec-7] DEBUG o.s.w.s.m.m.a.RequestResponseBodyMethodProcessor - Read "application/json;charset=UTF-8" to [com.binary.easychatsystem.dto.UserRequestDTO@6d54f3fe]
2025-09-30 16:20:45 [http-nio-8485-exec-7] DEBUG o.s.w.s.m.m.a.HttpEntityMethodProcessor - Using 'application/json', given [*/*] and supported [application/json, application/*+json]
2025-09-30 16:20:45 [http-nio-8485-exec-7] DEBUG o.s.w.s.m.m.a.HttpEntityMethodProcessor - Writing [com.binary.easychatsystem.model.User@540d09d9]
2025-09-30 16:20:45 [http-nio-8485-exec-7] DEBUG o.s.web.servlet.DispatcherServlet - Completed 201 CREATED
2025-09-30 16:21:04 [http-nio-8485-exec-8] DEBUG o.s.web.servlet.DispatcherServlet - POST "/api/users", parameters={}
2025-09-30 16:21:04 [http-nio-8485-exec-8] DEBUG o.s.w.s.m.m.a.RequestMappingHandlerMapping - Mapped to com.binary.easychatsystem.controller.UserController#createUser(UserRequestDTO)
2025-09-30 16:21:04 [http-nio-8485-exec-8] DEBUG o.s.w.s.m.m.a.RequestResponseBodyMethodProcessor - Read "application/json;charset=UTF-8" to [com.binary.easychatsystem.dto.UserRequestDTO@7d426dfb]
2025-09-30 16:21:04 [http-nio-8485-exec-8] DEBUG o.s.w.s.m.m.a.HttpEntityMethodProcessor - Using 'application/json', given [*/*] and supported [application/json, application/*+json]
2025-09-30 16:21:04 [http-nio-8485-exec-8] DEBUG o.s.w.s.m.m.a.HttpEntityMethodProcessor - Writing [com.binary.easychatsystem.model.User@5628c814]
2025-09-30 16:21:04 [http-nio-8485-exec-8] DEBUG o.s.web.servlet.DispatcherServlet - Completed 201 CREATED
2025-09-30 16:21:20 [http-nio-8485-exec-9] DEBUG o.s.web.servlet.DispatcherServlet - GET "/api/users", parameters={}
2025-09-30 16:21:20 [http-nio-8485-exec-9] DEBUG o.s.w.s.m.m.a.RequestMappingHandlerMapping - Mapped to com.binary.easychatsystem.controller.UserController#getAllUsers()
2025-09-30 16:21:20 [http-nio-8485-exec-9] DEBUG o.s.w.s.m.m.a.HttpEntityMethodProcessor - Using 'application/json', given [*/*] and supported [application/json, application/*+json]
2025-09-30 16:21:20 [http-nio-8485-exec-9] DEBUG o.s.w.s.m.m.a.HttpEntityMethodProcessor - Writing [[com.binary.easychatsystem.model.User@7d80f42b, com.binary.easychatsystem.model.User@2a1fc22b, com.b (truncated)...]
2025-09-30 16:21:20 [http-nio-8485-exec-9] DEBUG o.s.web.servlet.DispatcherServlet - Completed 200 OK
2025-09-30 16:26:33 [SpringApplicationShutdownHook] DEBUG org.springframework.web.SimpLogging - clientOutboundChannel removed SubProtocolWebSocketHandler[StompSubProtocolHandler[v10.stomp, v11.stomp, v12.stomp]]
2025-09-30 16:26:33 [SpringApplicationShutdownHook] DEBUG o.s.w.s.s.t.s.WebSocketServerSockJsSession - Closing SockJS session 040gh1kh with CloseStatus[code=1001, reason=null]
2025-09-30 16:26:33 [SpringApplicationShutdownHook] DEBUG o.s.w.s.h.LoggingWebSocketHandlerDecorator - Transport error in WebSocketServerSockJsSession[id=040gh1kh]
java.io.IOException: java.nio.channels.ClosedChannelException
	at org.apache.tomcat.websocket.WsRemoteEndpointImplBase.sendMessageBlockInternal(WsRemoteEndpointImplBase.java:326)
	at org.apache.tomcat.websocket.WsRemoteEndpointImplBase.sendMessageBlock(WsRemoteEndpointImplBase.java:266)
	at org.apache.tomcat.websocket.WsSession.sendCloseMessage(WsSession.java:778)
	at org.apache.tomcat.websocket.WsSession.doClose(WsSession.java:575)
	at org.apache.tomcat.websocket.WsRemoteEndpointImplBase.sendMessageBlockInternal(WsRemoteEndpointImplBase.java:324)
	at org.apache.tomcat.websocket.WsRemoteEndpointImplBase.sendMessageBlock(WsRemoteEndpointImplBase.java:266)
	at org.apache.tomcat.websocket.WsRemoteEndpointImplBase.sendMessageBlock(WsRemoteEndpointImplBase.java:250)
	at org.apache.tomcat.websocket.WsRemoteEndpointImplBase.sendPartialString(WsRemoteEndpointImplBase.java:223)
	at org.apache.tomcat.websocket.WsRemoteEndpointBasic.sendText(WsRemoteEndpointBasic.java:48)
	at org.springframework.web.socket.adapter.standard.StandardWebSocketSession.sendTextMessage(StandardWebSocketSession.java:217)
	at org.springframework.web.socket.adapter.AbstractWebSocketSession.sendMessage(AbstractWebSocketSession.java:108)
	at org.springframework.web.socket.sockjs.transport.session.WebSocketServerSockJsSession.writeFrameInternal(WebSocketServerSockJsSession.java:228)
	at org.springframework.web.socket.sockjs.transport.session.AbstractSockJsSession.close(AbstractSockJsSession.java:188)
	at org.springframework.web.socket.handler.WebSocketSessionDecorator.close(WebSocketSessionDecorator.java:164)
	at org.springframework.web.socket.handler.ConcurrentWebSocketSessionDecorator.close(ConcurrentWebSocketSessionDecorator.java:279)
	at org.springframework.web.socket.messaging.SubProtocolWebSocketHandler.stop(SubProtocolWebSocketHandler.java:308)
	at org.springframework.web.socket.messaging.SubProtocolWebSocketHandler.stop(SubProtocolWebSocketHandler.java:321)
	at org.springframework.context.support.DefaultLifecycleProcessor.doStop(DefaultLifecycleProcessor.java:463)
	at org.springframework.context.support.DefaultLifecycleProcessor$LifecycleGroup.stop(DefaultLifecycleProcessor.java:618)
	at java.base/java.lang.Iterable.forEach(Iterable.java:75)
	at org.springframework.context.support.DefaultLifecycleProcessor.stopBeans(DefaultLifecycleProcessor.java:432)
	at org.springframework.context.support.DefaultLifecycleProcessor.onClose(DefaultLifecycleProcessor.java:323)
	at org.springframework.context.support.AbstractApplicationContext.doClose(AbstractApplicationContext.java:1172)
	at org.springframework.boot.web.servlet.context.ServletWebServerApplicationContext.doClose(ServletWebServerApplicationContext.java:179)
	at org.springframework.context.support.AbstractApplicationContext.close(AbstractApplicationContext.java:1126)
	at org.springframework.boot.SpringApplicationShutdownHook.closeAndWait(SpringApplicationShutdownHook.java:147)
	at java.base/java.lang.Iterable.forEach(Iterable.java:75)
	at org.springframework.boot.SpringApplicationShutdownHook.run(SpringApplicationShutdownHook.java:116)
	at java.base/java.lang.Thread.run(Thread.java:1583)
Caused by: java.nio.channels.ClosedChannelException: null
	at org.apache.tomcat.util.net.NioChannel$1.write(NioChannel.java:282)
	at org.apache.tomcat.util.net.NioEndpoint$NioSocketWrapper$NioOperationState.run(NioEndpoint.java:1665)
	at org.apache.tomcat.util.net.SocketWrapperBase$OperationState.start(SocketWrapperBase.java:987)
	at org.apache.tomcat.util.net.SocketWrapperBase.vectoredOperation(SocketWrapperBase.java:1358)
	at org.apache.tomcat.util.net.SocketWrapperBase.write(SocketWrapperBase.java:1287)
	at org.apache.tomcat.util.net.SocketWrapperBase.write(SocketWrapperBase.java:1262)
	at org.apache.tomcat.websocket.server.WsRemoteEndpointImplServer.doWrite(WsRemoteEndpointImplServer.java:171)
	at org.apache.tomcat.websocket.WsRemoteEndpointImplBase.writeMessagePart(WsRemoteEndpointImplBase.java:521)
	at org.apache.tomcat.websocket.WsRemoteEndpointImplBase.sendMessageBlockInternal(WsRemoteEndpointImplBase.java:313)
	... 24 common frames omitted
2025-09-30 16:26:33 [SpringApplicationShutdownHook] DEBUG o.s.w.s.s.t.s.WebSocketServerSockJsSession - Failure while sending SockJS close frame
java.io.IOException: java.nio.channels.ClosedChannelException
	at org.apache.tomcat.websocket.WsRemoteEndpointImplBase.sendMessageBlockInternal(WsRemoteEndpointImplBase.java:326)
	at org.apache.tomcat.websocket.WsRemoteEndpointImplBase.sendMessageBlock(WsRemoteEndpointImplBase.java:266)
	at org.apache.tomcat.websocket.WsRemoteEndpointImplBase.sendMessageBlock(WsRemoteEndpointImplBase.java:250)
	at org.apache.tomcat.websocket.WsRemoteEndpointImplBase.sendPartialString(WsRemoteEndpointImplBase.java:223)
	at org.apache.tomcat.websocket.WsRemoteEndpointBasic.sendText(WsRemoteEndpointBasic.java:48)
	at org.springframework.web.socket.adapter.standard.StandardWebSocketSession.sendTextMessage(StandardWebSocketSession.java:217)
	at org.springframework.web.socket.adapter.AbstractWebSocketSession.sendMessage(AbstractWebSocketSession.java:108)
	at org.springframework.web.socket.sockjs.transport.session.WebSocketServerSockJsSession.writeFrameInternal(WebSocketServerSockJsSession.java:228)
	at org.springframework.web.socket.sockjs.transport.session.AbstractSockJsSession.close(AbstractSockJsSession.java:188)
	at org.springframework.web.socket.handler.WebSocketSessionDecorator.close(WebSocketSessionDecorator.java:164)
	at org.springframework.web.socket.handler.ConcurrentWebSocketSessionDecorator.close(ConcurrentWebSocketSessionDecorator.java:279)
	at org.springframework.web.socket.messaging.SubProtocolWebSocketHandler.stop(SubProtocolWebSocketHandler.java:308)
	at org.springframework.web.socket.messaging.SubProtocolWebSocketHandler.stop(SubProtocolWebSocketHandler.java:321)
	at org.springframework.context.support.DefaultLifecycleProcessor.doStop(DefaultLifecycleProcessor.java:463)
	at org.springframework.context.support.DefaultLifecycleProcessor$LifecycleGroup.stop(DefaultLifecycleProcessor.java:618)
	at java.base/java.lang.Iterable.forEach(Iterable.java:75)
	at org.springframework.context.support.DefaultLifecycleProcessor.stopBeans(DefaultLifecycleProcessor.java:432)
	at org.springframework.context.support.DefaultLifecycleProcessor.onClose(DefaultLifecycleProcessor.java:323)
	at org.springframework.context.support.AbstractApplicationContext.doClose(AbstractApplicationContext.java:1172)
	at org.springframework.boot.web.servlet.context.ServletWebServerApplicationContext.doClose(ServletWebServerApplicationContext.java:179)
	at org.springframework.context.support.AbstractApplicationContext.close(AbstractApplicationContext.java:1126)
	at org.springframework.boot.SpringApplicationShutdownHook.closeAndWait(SpringApplicationShutdownHook.java:147)
	at java.base/java.lang.Iterable.forEach(Iterable.java:75)
	at org.springframework.boot.SpringApplicationShutdownHook.run(SpringApplicationShutdownHook.java:116)
	at java.base/java.lang.Thread.run(Thread.java:1583)
Caused by: java.nio.channels.ClosedChannelException: null
	at org.apache.tomcat.util.net.NioChannel$1.write(NioChannel.java:282)
	at org.apache.tomcat.util.net.NioEndpoint$NioSocketWrapper$NioOperationState.run(NioEndpoint.java:1665)
	at org.apache.tomcat.util.net.SocketWrapperBase$OperationState.start(SocketWrapperBase.java:987)
	at org.apache.tomcat.util.net.SocketWrapperBase.vectoredOperation(SocketWrapperBase.java:1358)
	at org.apache.tomcat.util.net.SocketWrapperBase.write(SocketWrapperBase.java:1287)
	at org.apache.tomcat.util.net.SocketWrapperBase.write(SocketWrapperBase.java:1262)
	at org.apache.tomcat.websocket.server.WsRemoteEndpointImplServer.doWrite(WsRemoteEndpointImplServer.java:171)
	at org.apache.tomcat.websocket.WsRemoteEndpointImplBase.writeMessagePart(WsRemoteEndpointImplBase.java:521)
	at org.apache.tomcat.websocket.WsRemoteEndpointImplBase.sendMessageBlockInternal(WsRemoteEndpointImplBase.java:313)
	... 24 common frames omitted
2025-09-30 16:26:33 [SpringApplicationShutdownHook] DEBUG o.s.w.s.h.LoggingWebSocketHandlerDecorator - WebSocketServerSockJsSession[id=040gh1kh] closed with CloseStatus[code=1001, reason=null]
2025-09-30 16:26:33 [SpringApplicationShutdownHook] DEBUG o.s.w.s.m.SubProtocolWebSocketHandler - Clearing session 040gh1kh
2025-09-30 16:26:33 [SpringApplicationShutdownHook] INFO  c.b.e.config.WebSocketEventListener - user disconnected: 1
2025-09-30 16:26:33 [clientInboundChannel-14] DEBUG org.springframework.web.SimpLogging - Processing DISCONNECT session=040gh1kh
2025-09-30 16:26:33 [SpringApplicationShutdownHook] DEBUG org.springframework.web.SimpLogging - clientInboundChannel removed WebSocketAnnotationMethodMessageHandler[prefixes=[/app/]]
2025-09-30 16:26:33 [SpringApplicationShutdownHook] INFO  org.springframework.web.SimpLogging - Stopping...
2025-09-30 16:26:33 [SpringApplicationShutdownHook] INFO  org.springframework.web.SimpLogging - BrokerAvailabilityEvent[available=false, SimpleBrokerMessageHandler [org.springframework.messaging.simp.broker.DefaultSubscriptionRegistry@61cbd0c0]]
2025-09-30 16:26:33 [SpringApplicationShutdownHook] DEBUG org.springframework.web.SimpLogging - clientInboundChannel removed SimpleBrokerMessageHandler [org.springframework.messaging.simp.broker.DefaultSubscriptionRegistry@61cbd0c0]
2025-09-30 16:26:33 [SpringApplicationShutdownHook] DEBUG org.springframework.web.SimpLogging - brokerChannel removed SimpleBrokerMessageHandler [org.springframework.messaging.simp.broker.DefaultSubscriptionRegistry@61cbd0c0]
2025-09-30 16:26:33 [SpringApplicationShutdownHook] INFO  org.springframework.web.SimpLogging - Stopped.
2025-09-30 16:26:33 [SpringApplicationShutdownHook] DEBUG org.springframework.web.SimpLogging - clientInboundChannel removed UserDestinationMessageHandler[DefaultUserDestinationResolver[prefix=/user/]]
2025-09-30 16:26:33 [SpringApplicationShutdownHook] DEBUG org.springframework.web.SimpLogging - brokerChannel removed UserDestinationMessageHandler[DefaultUserDestinationResolver[prefix=/user/]]
2025-09-30 16:26:47 [main] INFO  c.b.e.EasychatsystemApplication - Starting EasychatsystemApplication using Java 21.0.8 with PID 111285 (/home/andy/Developments/local/java_workspace/easychatsystem/target/classes started by andy in /home/andy/Developments/local/java_workspace/easychatsystem)
2025-09-30 16:26:47 [main] DEBUG c.b.e.EasychatsystemApplication - Running with Spring Boot v3.5.4, Spring v6.2.9
2025-09-30 16:26:47 [main] INFO  c.b.e.EasychatsystemApplication - No active profile set, falling back to 1 default profile: "default"
2025-09-30 16:26:51 [main] WARN  o.s.b.a.o.j.JpaBaseConfiguration$JpaWebConfiguration - spring.jpa.open-in-view is enabled by default. Therefore, database queries may be performed during view rendering. Explicitly configure spring.jpa.open-in-view to disable this warning
2025-09-30 16:26:51 [main] DEBUG o.s.w.s.s.s.WebSocketHandlerMapping - Patterns [/ws/**] in 'stompWebSocketHandlerMapping'
2025-09-30 16:26:51 [main] DEBUG o.s.w.s.m.m.a.RequestMappingHandlerMapping - 13 mappings in 'requestMappingHandlerMapping'
2025-09-30 16:26:51 [main] DEBUG o.s.w.s.h.SimpleUrlHandlerMapping - Patterns [/webjars/**, /**] in 'resourceHandlerMapping'
2025-09-30 16:26:52 [main] DEBUG o.s.w.s.m.WebSocketAnnotationMethodMessageHandler - 
	c.b.e.c.ChatController:
	{[MESSAGE],[/chat.register]}: register(ChatMessage,SimpMessageHeaderAccessor)
	{[MESSAGE],[/chat.send]}: sendMessage(SendMessageRequest)
	{[MESSAGE],[/chat.typing]}: handleTyping(TypingRequest)
	{[MESSAGE],[/chat.read]}: handleReadReceipt(ReadReceiptRequest)
2025-09-30 16:26:52 [main] DEBUG o.s.w.s.m.WebSocketAnnotationMethodMessageHandler - 
	c.b.e.c.ChatRestController:
	
2025-09-30 16:26:52 [main] DEBUG o.s.w.s.m.WebSocketAnnotationMethodMessageHandler - 
	c.b.e.c.UserController:
	
2025-09-30 16:26:52 [main] DEBUG o.s.w.s.m.WebSocketAnnotationMethodMessageHandler - 
	o.s.b.a.w.s.e.BasicErrorController:
	
2025-09-30 16:26:52 [main] DEBUG o.s.w.s.m.m.a.RequestMappingHandlerAdapter - ControllerAdvice beans: 0 @ModelAttribute, 0 @InitBinder, 1 RequestBodyAdvice, 1 ResponseBodyAdvice
2025-09-30 16:26:52 [main] DEBUG o.s.w.s.m.m.a.ExceptionHandlerExceptionResolver - ControllerAdvice beans: 1 @ExceptionHandler, 1 ResponseBodyAdvice
2025-09-30 16:26:52 [main] DEBUG org.springframework.web.SimpLogging - clientOutboundChannel added SubProtocolWebSocketHandler[StompSubProtocolHandler[v10.stomp, v11.stomp, v12.stomp]]
2025-09-30 16:26:52 [main] DEBUG org.springframework.web.SimpLogging - clientInboundChannel added WebSocketAnnotationMethodMessageHandler[prefixes=[/app/]]
2025-09-30 16:26:52 [main] INFO  org.springframework.web.SimpLogging - Starting...
2025-09-30 16:26:52 [main] DEBUG org.springframework.web.SimpLogging - clientInboundChannel added SimpleBrokerMessageHandler [org.springframework.messaging.simp.broker.DefaultSubscriptionRegistry@530cfb27]
2025-09-30 16:26:52 [main] DEBUG org.springframework.web.SimpLogging - brokerChannel added SimpleBrokerMessageHandler [org.springframework.messaging.simp.broker.DefaultSubscriptionRegistry@530cfb27]
2025-09-30 16:26:52 [main] INFO  org.springframework.web.SimpLogging - BrokerAvailabilityEvent[available=true, SimpleBrokerMessageHandler [org.springframework.messaging.simp.broker.DefaultSubscriptionRegistry@530cfb27]]
2025-09-30 16:26:52 [main] INFO  org.springframework.web.SimpLogging - Started.
2025-09-30 16:26:52 [main] DEBUG org.springframework.web.SimpLogging - clientInboundChannel added UserDestinationMessageHandler[DefaultUserDestinationResolver[prefix=/user/]]
2025-09-30 16:26:52 [main] DEBUG org.springframework.web.SimpLogging - brokerChannel added UserDestinationMessageHandler[DefaultUserDestinationResolver[prefix=/user/]]
2025-09-30 16:26:52 [main] INFO  c.b.e.EasychatsystemApplication - Started EasychatsystemApplication in 5.599 seconds (process running for 5.906)
2025-09-30 16:26:57 [http-nio-8485-exec-1] INFO  o.s.web.servlet.DispatcherServlet - Initializing Servlet 'dispatcherServlet'
2025-09-30 16:26:57 [http-nio-8485-exec-1] DEBUG o.s.web.servlet.DispatcherServlet - Detected StandardServletMultipartResolver
2025-09-30 16:26:57 [http-nio-8485-exec-1] DEBUG o.s.web.servlet.DispatcherServlet - Detected AcceptHeaderLocaleResolver
2025-09-30 16:26:57 [http-nio-8485-exec-1] DEBUG o.s.web.servlet.DispatcherServlet - Detected FixedThemeResolver
2025-09-30 16:26:57 [http-nio-8485-exec-1] DEBUG o.s.web.servlet.DispatcherServlet - Detected org.springframework.web.servlet.view.DefaultRequestToViewNameTranslator@10fef3d1
2025-09-30 16:26:57 [http-nio-8485-exec-1] DEBUG o.s.web.servlet.DispatcherServlet - Detected org.springframework.web.servlet.support.SessionFlashMapManager@1cbb6037
2025-09-30 16:26:57 [http-nio-8485-exec-1] DEBUG o.s.web.servlet.DispatcherServlet - enableLoggingRequestDetails='false': request parameters and headers will be masked to prevent unsafe logging of potentially sensitive data
2025-09-30 16:26:57 [http-nio-8485-exec-1] INFO  o.s.web.servlet.DispatcherServlet - Completed initialization in 1 ms
2025-09-30 16:26:57 [http-nio-8485-exec-1] DEBUG o.s.web.servlet.DispatcherServlet - GET "/ws/info?t=1759224417203", parameters={masked}
2025-09-30 16:26:57 [http-nio-8485-exec-1] DEBUG o.s.w.s.s.s.WebSocketHandlerMapping - Mapped to org.springframework.web.socket.sockjs.support.SockJsHttpRequestHandler@35daccb8
2025-09-30 16:26:57 [http-nio-8485-exec-1] DEBUG o.s.w.s.s.t.h.DefaultSockJsService - Processing transport request: GET http://localhost:8485/ws/info?t=1759224417203
2025-09-30 16:26:57 [http-nio-8485-exec-1] DEBUG o.s.web.servlet.DispatcherServlet - Completed 200 OK
2025-09-30 16:26:57 [http-nio-8485-exec-2] DEBUG o.s.web.servlet.DispatcherServlet - GET "/ws/036/ddhrdexv/websocket", parameters={}
2025-09-30 16:26:57 [http-nio-8485-exec-2] DEBUG o.s.w.s.s.s.WebSocketHandlerMapping - Mapped to org.springframework.web.socket.sockjs.support.SockJsHttpRequestHandler@35daccb8
2025-09-30 16:26:57 [http-nio-8485-exec-2] DEBUG o.s.w.s.s.t.h.DefaultSockJsService - Processing transport request: GET http://localhost:8485/ws/036/ddhrdexv/websocket
2025-09-30 16:26:57 [http-nio-8485-exec-2] DEBUG o.s.web.servlet.DispatcherServlet - Completed 101 SWITCHING_PROTOCOLS
2025-09-30 16:26:57 [http-nio-8485-exec-2] DEBUG o.s.w.s.h.LoggingWebSocketHandlerDecorator - New WebSocketServerSockJsSession[id=ddhrdexv]
2025-09-30 16:26:57 [clientInboundChannel-2] DEBUG org.springframework.web.SimpLogging - Processing CONNECT session=ddhrdexv
2025-09-30 16:26:57 [clientInboundChannel-4] DEBUG o.s.w.s.m.WebSocketAnnotationMethodMessageHandler - Searching methods to handle SEND /app/chat.register session=ddhrdexv, lookupDestination='/chat.register'
2025-09-30 16:26:57 [clientInboundChannel-8] DEBUG org.springframework.web.SimpLogging - Processing SUBSCRIBE /user/queue/message.status id=sub-0 session=ddhrdexv
2025-09-30 16:26:57 [clientInboundChannel-11] DEBUG org.springframework.web.SimpLogging - Processing SUBSCRIBE /topic/conversation.2 id=sub-1 session=ddhrdexv
2025-09-30 16:26:57 [clientInboundChannel-9] DEBUG org.springframework.web.SimpLogging - Processing SUBSCRIBE destination=/queue/message.status-userddhrdexv subscriptionId=sub-0 session=ddhrdexv payload=byte[0]
2025-09-30 16:26:57 [clientInboundChannel-4] DEBUG o.s.w.s.m.WebSocketAnnotationMethodMessageHandler - Invoking ChatController#register[2 args]
2025-09-30 16:27:17 [http-nio-8485-exec-5] DEBUG o.s.web.servlet.DispatcherServlet - POST "/api/messages/conversations", parameters={}
2025-09-30 16:27:17 [http-nio-8485-exec-5] DEBUG o.s.w.s.m.m.a.RequestMappingHandlerMapping - Mapped to com.binary.easychatsystem.controller.ChatRestController#createConversation(CreateConversationRequest, UserDetails)
2025-09-30 16:27:17 [http-nio-8485-exec-5] DEBUG o.s.w.s.m.m.a.RequestResponseBodyMethodProcessor - Read "application/json;charset=UTF-8" to [com.binary.easychatsystem.dto.CreateConversationRequest@5b6d68d9]
2025-09-30 16:27:17 [http-nio-8485-exec-5] DEBUG o.s.w.s.m.m.a.HttpEntityMethodProcessor - Using 'application/json', given [*/*] and supported [application/json, application/*+json]
2025-09-30 16:27:17 [http-nio-8485-exec-5] DEBUG o.s.w.s.m.m.a.HttpEntityMethodProcessor - Writing [com.binary.easychatsystem.dto.ConversationDTO@31de0a90]
2025-09-30 16:27:17 [http-nio-8485-exec-5] DEBUG o.s.web.servlet.DispatcherServlet - Completed 200 OK
2025-09-30 16:27:33 [http-nio-8485-exec-6] DEBUG o.s.web.servlet.DispatcherServlet - POST "/api/messages/conversations", parameters={}
2025-09-30 16:27:33 [http-nio-8485-exec-6] DEBUG o.s.w.s.m.m.a.RequestMappingHandlerMapping - Mapped to com.binary.easychatsystem.controller.ChatRestController#createConversation(CreateConversationRequest, UserDetails)
2025-09-30 16:27:33 [http-nio-8485-exec-6] DEBUG o.s.w.s.m.m.a.RequestResponseBodyMethodProcessor - Read "application/json;charset=UTF-8" to [com.binary.easychatsystem.dto.CreateConversationRequest@4b7f4835]
2025-09-30 16:27:33 [http-nio-8485-exec-6] DEBUG o.s.w.s.m.m.a.HttpEntityMethodProcessor - Using 'application/json', given [*/*] and supported [application/json, application/*+json]
2025-09-30 16:27:33 [http-nio-8485-exec-6] DEBUG o.s.w.s.m.m.a.HttpEntityMethodProcessor - Writing [com.binary.easychatsystem.dto.ConversationDTO@c45f0e6]
2025-09-30 16:27:33 [http-nio-8485-exec-6] DEBUG o.s.web.servlet.DispatcherServlet - Completed 200 OK
2025-09-30 16:27:52 [MessageBroker-2] INFO  o.s.w.s.c.WebSocketMessageBrokerStats - WebSocketSession[1 current WS(1)-HttpStream(0)-HttpPoll(0), 1 total, 0 closed abnormally (0 connect failure, 0 send limit, 0 transport error)], stompSubProtocol[processed CONNECT(1)-CONNECTED(1)-DISCONNECT(0)], stompBrokerRelay[null], inboundChannel[pool size = 12, active threads = 0, queued tasks = 0, completed tasks = 12], outboundChannel[pool size = 1, active threads = 0, queued tasks = 0, completed tasks = 1], sockJsScheduler[pool size = 8, active threads = 1, queued tasks = 2, completed tasks = 14]
2025-09-30 16:27:55 [http-nio-8485-exec-7] DEBUG o.s.web.servlet.DispatcherServlet - GET "/api/messages/conversations", parameters={}
2025-09-30 16:27:55 [http-nio-8485-exec-7] DEBUG o.s.w.s.m.m.a.RequestMappingHandlerMapping - Mapped to com.binary.easychatsystem.controller.ChatRestController#getUserConversations(UserDetails)
2025-09-30 16:27:55 [http-nio-8485-exec-7] ERROR o.h.e.jdbc.spi.SqlExceptionHelper - ERROR: column c.created_by_user_id does not exist
  Position: 117
2025-09-30 16:27:55 [http-nio-8485-exec-7] DEBUG o.s.w.s.m.m.a.ExceptionHandlerExceptionResolver - Using @ExceptionHandler com.binary.easychatsystem.exception.GlobalExceptionHandler#handleRuntimeException(RuntimeException)
2025-09-30 16:27:55 [http-nio-8485-exec-7] DEBUG o.s.w.s.m.m.a.HttpEntityMethodProcessor - Using 'application/json', given [*/*] and supported [application/json, application/*+json]
2025-09-30 16:27:55 [http-nio-8485-exec-7] DEBUG o.s.w.s.m.m.a.HttpEntityMethodProcessor - Writing [com.binary.easychatsystem.exception.GlobalExceptionHandler$ErrorResponse@745cecd2]
2025-09-30 16:27:55 [http-nio-8485-exec-7] DEBUG o.s.w.s.m.m.a.ExceptionHandlerExceptionResolver - Resolved [org.springframework.dao.InvalidDataAccessResourceUsageException: JDBC exception executing SQL [    SELECT c.conversation_id AS conversation_id,<EOL>           c.type AS type,<EOL>           c.title AS title,<EOL>           c.created_by_user_id AS created_by_user_id,<EOL>           c.created_at AS created_at<EOL>    FROM chat_conversations c<EOL>    JOIN chat_conversation_participants cp ON c.conversation_id = cp.conversation_id<EOL>    WHERE cp.user_id = ?<EOL>    ORDER BY c.created_at DESC<EOL>] [ERROR: column c.created_by_user_id does not exist<EOL>  Position: 117] [n/a]; SQL [n/a]]
2025-09-30 16:27:55 [http-nio-8485-exec-7] DEBUG o.s.web.servlet.DispatcherServlet - Completed 400 BAD_REQUEST
2025-09-30 16:35:31 [SpringApplicationShutdownHook] DEBUG org.springframework.web.SimpLogging - clientOutboundChannel removed SubProtocolWebSocketHandler[StompSubProtocolHandler[v10.stomp, v11.stomp, v12.stomp]]
2025-09-30 16:35:31 [SpringApplicationShutdownHook] DEBUG o.s.w.s.s.t.s.WebSocketServerSockJsSession - Closing SockJS session ddhrdexv with CloseStatus[code=1001, reason=null]
2025-09-30 16:35:31 [SpringApplicationShutdownHook] DEBUG o.s.w.s.h.LoggingWebSocketHandlerDecorator - Transport error in WebSocketServerSockJsSession[id=ddhrdexv]
java.io.IOException: java.nio.channels.ClosedChannelException
	at org.apache.tomcat.websocket.WsRemoteEndpointImplBase.sendMessageBlockInternal(WsRemoteEndpointImplBase.java:326)
	at org.apache.tomcat.websocket.WsRemoteEndpointImplBase.sendMessageBlock(WsRemoteEndpointImplBase.java:266)
	at org.apache.tomcat.websocket.WsSession.sendCloseMessage(WsSession.java:778)
	at org.apache.tomcat.websocket.WsSession.doClose(WsSession.java:575)
	at org.apache.tomcat.websocket.WsRemoteEndpointImplBase.sendMessageBlockInternal(WsRemoteEndpointImplBase.java:324)
	at org.apache.tomcat.websocket.WsRemoteEndpointImplBase.sendMessageBlock(WsRemoteEndpointImplBase.java:266)
	at org.apache.tomcat.websocket.WsRemoteEndpointImplBase.sendMessageBlock(WsRemoteEndpointImplBase.java:250)
	at org.apache.tomcat.websocket.WsRemoteEndpointImplBase.sendPartialString(WsRemoteEndpointImplBase.java:223)
	at org.apache.tomcat.websocket.WsRemoteEndpointBasic.sendText(WsRemoteEndpointBasic.java:48)
	at org.springframework.web.socket.adapter.standard.StandardWebSocketSession.sendTextMessage(StandardWebSocketSession.java:217)
	at org.springframework.web.socket.adapter.AbstractWebSocketSession.sendMessage(AbstractWebSocketSession.java:108)
	at org.springframework.web.socket.sockjs.transport.session.WebSocketServerSockJsSession.writeFrameInternal(WebSocketServerSockJsSession.java:228)
	at org.springframework.web.socket.sockjs.transport.session.AbstractSockJsSession.close(AbstractSockJsSession.java:188)
	at org.springframework.web.socket.handler.WebSocketSessionDecorator.close(WebSocketSessionDecorator.java:164)
	at org.springframework.web.socket.handler.ConcurrentWebSocketSessionDecorator.close(ConcurrentWebSocketSessionDecorator.java:279)
	at org.springframework.web.socket.messaging.SubProtocolWebSocketHandler.stop(SubProtocolWebSocketHandler.java:308)
	at org.springframework.web.socket.messaging.SubProtocolWebSocketHandler.stop(SubProtocolWebSocketHandler.java:321)
	at org.springframework.context.support.DefaultLifecycleProcessor.doStop(DefaultLifecycleProcessor.java:463)
	at org.springframework.context.support.DefaultLifecycleProcessor$LifecycleGroup.stop(DefaultLifecycleProcessor.java:618)
	at java.base/java.lang.Iterable.forEach(Iterable.java:75)
	at org.springframework.context.support.DefaultLifecycleProcessor.stopBeans(DefaultLifecycleProcessor.java:432)
	at org.springframework.context.support.DefaultLifecycleProcessor.onClose(DefaultLifecycleProcessor.java:323)
	at org.springframework.context.support.AbstractApplicationContext.doClose(AbstractApplicationContext.java:1172)
	at org.springframework.boot.web.servlet.context.ServletWebServerApplicationContext.doClose(ServletWebServerApplicationContext.java:179)
	at org.springframework.context.support.AbstractApplicationContext.close(AbstractApplicationContext.java:1126)
	at org.springframework.boot.SpringApplicationShutdownHook.closeAndWait(SpringApplicationShutdownHook.java:147)
	at java.base/java.lang.Iterable.forEach(Iterable.java:75)
	at org.springframework.boot.SpringApplicationShutdownHook.run(SpringApplicationShutdownHook.java:116)
	at java.base/java.lang.Thread.run(Thread.java:1583)
Caused by: java.nio.channels.ClosedChannelException: null
	at org.apache.tomcat.util.net.NioChannel$1.write(NioChannel.java:282)
	at org.apache.tomcat.util.net.NioEndpoint$NioSocketWrapper$NioOperationState.run(NioEndpoint.java:1665)
	at org.apache.tomcat.util.net.SocketWrapperBase$OperationState.start(SocketWrapperBase.java:987)
	at org.apache.tomcat.util.net.SocketWrapperBase.vectoredOperation(SocketWrapperBase.java:1358)
	at org.apache.tomcat.util.net.SocketWrapperBase.write(SocketWrapperBase.java:1287)
	at org.apache.tomcat.util.net.SocketWrapperBase.write(SocketWrapperBase.java:1262)
	at org.apache.tomcat.websocket.server.WsRemoteEndpointImplServer.doWrite(WsRemoteEndpointImplServer.java:171)
	at org.apache.tomcat.websocket.WsRemoteEndpointImplBase.writeMessagePart(WsRemoteEndpointImplBase.java:521)
	at org.apache.tomcat.websocket.WsRemoteEndpointImplBase.sendMessageBlockInternal(WsRemoteEndpointImplBase.java:313)
	... 24 common frames omitted
2025-09-30 16:35:31 [SpringApplicationShutdownHook] DEBUG o.s.w.s.s.t.s.WebSocketServerSockJsSession - Failure while sending SockJS close frame
java.io.IOException: java.nio.channels.ClosedChannelException
	at org.apache.tomcat.websocket.WsRemoteEndpointImplBase.sendMessageBlockInternal(WsRemoteEndpointImplBase.java:326)
	at org.apache.tomcat.websocket.WsRemoteEndpointImplBase.sendMessageBlock(WsRemoteEndpointImplBase.java:266)
	at org.apache.tomcat.websocket.WsRemoteEndpointImplBase.sendMessageBlock(WsRemoteEndpointImplBase.java:250)
	at org.apache.tomcat.websocket.WsRemoteEndpointImplBase.sendPartialString(WsRemoteEndpointImplBase.java:223)
	at org.apache.tomcat.websocket.WsRemoteEndpointBasic.sendText(WsRemoteEndpointBasic.java:48)
	at org.springframework.web.socket.adapter.standard.StandardWebSocketSession.sendTextMessage(StandardWebSocketSession.java:217)
	at org.springframework.web.socket.adapter.AbstractWebSocketSession.sendMessage(AbstractWebSocketSession.java:108)
	at org.springframework.web.socket.sockjs.transport.session.WebSocketServerSockJsSession.writeFrameInternal(WebSocketServerSockJsSession.java:228)
	at org.springframework.web.socket.sockjs.transport.session.AbstractSockJsSession.close(AbstractSockJsSession.java:188)
	at org.springframework.web.socket.handler.WebSocketSessionDecorator.close(WebSocketSessionDecorator.java:164)
	at org.springframework.web.socket.handler.ConcurrentWebSocketSessionDecorator.close(ConcurrentWebSocketSessionDecorator.java:279)
	at org.springframework.web.socket.messaging.SubProtocolWebSocketHandler.stop(SubProtocolWebSocketHandler.java:308)
	at org.springframework.web.socket.messaging.SubProtocolWebSocketHandler.stop(SubProtocolWebSocketHandler.java:321)
	at org.springframework.context.support.DefaultLifecycleProcessor.doStop(DefaultLifecycleProcessor.java:463)
	at org.springframework.context.support.DefaultLifecycleProcessor$LifecycleGroup.stop(DefaultLifecycleProcessor.java:618)
	at java.base/java.lang.Iterable.forEach(Iterable.java:75)
	at org.springframework.context.support.DefaultLifecycleProcessor.stopBeans(DefaultLifecycleProcessor.java:432)
	at org.springframework.context.support.DefaultLifecycleProcessor.onClose(DefaultLifecycleProcessor.java:323)
	at org.springframework.context.support.AbstractApplicationContext.doClose(AbstractApplicationContext.java:1172)
	at org.springframework.boot.web.servlet.context.ServletWebServerApplicationContext.doClose(ServletWebServerApplicationContext.java:179)
	at org.springframework.context.support.AbstractApplicationContext.close(AbstractApplicationContext.java:1126)
	at org.springframework.boot.SpringApplicationShutdownHook.closeAndWait(SpringApplicationShutdownHook.java:147)
	at java.base/java.lang.Iterable.forEach(Iterable.java:75)
	at org.springframework.boot.SpringApplicationShutdownHook.run(SpringApplicationShutdownHook.java:116)
	at java.base/java.lang.Thread.run(Thread.java:1583)
Caused by: java.nio.channels.ClosedChannelException: null
	at org.apache.tomcat.util.net.NioChannel$1.write(NioChannel.java:282)
	at org.apache.tomcat.util.net.NioEndpoint$NioSocketWrapper$NioOperationState.run(NioEndpoint.java:1665)
	at org.apache.tomcat.util.net.SocketWrapperBase$OperationState.start(SocketWrapperBase.java:987)
	at org.apache.tomcat.util.net.SocketWrapperBase.vectoredOperation(SocketWrapperBase.java:1358)
	at org.apache.tomcat.util.net.SocketWrapperBase.write(SocketWrapperBase.java:1287)
	at org.apache.tomcat.util.net.SocketWrapperBase.write(SocketWrapperBase.java:1262)
	at org.apache.tomcat.websocket.server.WsRemoteEndpointImplServer.doWrite(WsRemoteEndpointImplServer.java:171)
	at org.apache.tomcat.websocket.WsRemoteEndpointImplBase.writeMessagePart(WsRemoteEndpointImplBase.java:521)
	at org.apache.tomcat.websocket.WsRemoteEndpointImplBase.sendMessageBlockInternal(WsRemoteEndpointImplBase.java:313)
	... 24 common frames omitted
2025-09-30 16:35:31 [SpringApplicationShutdownHook] DEBUG o.s.w.s.h.LoggingWebSocketHandlerDecorator - WebSocketServerSockJsSession[id=ddhrdexv] closed with CloseStatus[code=1001, reason=null]
2025-09-30 16:35:31 [SpringApplicationShutdownHook] DEBUG o.s.w.s.m.SubProtocolWebSocketHandler - Clearing session ddhrdexv
2025-09-30 16:35:31 [SpringApplicationShutdownHook] INFO  c.b.e.config.WebSocketEventListener - user disconnected: 1
2025-09-30 16:35:31 [clientInboundChannel-14] DEBUG org.springframework.web.SimpLogging - Processing DISCONNECT session=ddhrdexv
2025-09-30 16:35:31 [SpringApplicationShutdownHook] DEBUG org.springframework.web.SimpLogging - clientInboundChannel removed WebSocketAnnotationMethodMessageHandler[prefixes=[/app/]]
2025-09-30 16:35:31 [SpringApplicationShutdownHook] INFO  org.springframework.web.SimpLogging - Stopping...
2025-09-30 16:35:31 [SpringApplicationShutdownHook] INFO  org.springframework.web.SimpLogging - BrokerAvailabilityEvent[available=false, SimpleBrokerMessageHandler [org.springframework.messaging.simp.broker.DefaultSubscriptionRegistry@530cfb27]]
2025-09-30 16:35:31 [SpringApplicationShutdownHook] DEBUG org.springframework.web.SimpLogging - clientInboundChannel removed SimpleBrokerMessageHandler [org.springframework.messaging.simp.broker.DefaultSubscriptionRegistry@530cfb27]
2025-09-30 16:35:31 [SpringApplicationShutdownHook] DEBUG org.springframework.web.SimpLogging - brokerChannel removed SimpleBrokerMessageHandler [org.springframework.messaging.simp.broker.DefaultSubscriptionRegistry@530cfb27]
2025-09-30 16:35:31 [SpringApplicationShutdownHook] INFO  org.springframework.web.SimpLogging - Stopped.
2025-09-30 16:35:31 [SpringApplicationShutdownHook] DEBUG org.springframework.web.SimpLogging - clientInboundChannel removed UserDestinationMessageHandler[DefaultUserDestinationResolver[prefix=/user/]]
2025-09-30 16:35:31 [SpringApplicationShutdownHook] DEBUG org.springframework.web.SimpLogging - brokerChannel removed UserDestinationMessageHandler[DefaultUserDestinationResolver[prefix=/user/]]
2025-09-30 16:35:41 [main] INFO  c.b.e.EasychatsystemApplication - Starting EasychatsystemApplication using Java 21.0.8 with PID 112290 (/home/andy/Developments/local/java_workspace/easychatsystem/target/classes started by andy in /home/andy/Developments/local/java_workspace/easychatsystem)
2025-09-30 16:35:41 [main] DEBUG c.b.e.EasychatsystemApplication - Running with Spring Boot v3.5.4, Spring v6.2.9
2025-09-30 16:35:41 [main] INFO  c.b.e.EasychatsystemApplication - No active profile set, falling back to 1 default profile: "default"
2025-09-30 16:35:45 [main] WARN  o.s.b.a.o.j.JpaBaseConfiguration$JpaWebConfiguration - spring.jpa.open-in-view is enabled by default. Therefore, database queries may be performed during view rendering. Explicitly configure spring.jpa.open-in-view to disable this warning
2025-09-30 16:35:45 [main] DEBUG o.s.w.s.s.s.WebSocketHandlerMapping - Patterns [/ws/**] in 'stompWebSocketHandlerMapping'
2025-09-30 16:35:45 [main] DEBUG o.s.w.s.m.m.a.RequestMappingHandlerMapping - 13 mappings in 'requestMappingHandlerMapping'
2025-09-30 16:35:45 [main] DEBUG o.s.w.s.h.SimpleUrlHandlerMapping - Patterns [/webjars/**, /**] in 'resourceHandlerMapping'
2025-09-30 16:35:46 [main] DEBUG o.s.w.s.m.WebSocketAnnotationMethodMessageHandler - 
	c.b.e.c.ChatController:
	{[MESSAGE],[/chat.register]}: register(ChatMessage,SimpMessageHeaderAccessor)
	{[MESSAGE],[/chat.send]}: sendMessage(SendMessageRequest)
	{[MESSAGE],[/chat.typing]}: handleTyping(TypingRequest)
	{[MESSAGE],[/chat.read]}: handleReadReceipt(ReadReceiptRequest)
2025-09-30 16:35:46 [main] DEBUG o.s.w.s.m.WebSocketAnnotationMethodMessageHandler - 
	c.b.e.c.ChatRestController:
	
2025-09-30 16:35:46 [main] DEBUG o.s.w.s.m.WebSocketAnnotationMethodMessageHandler - 
	c.b.e.c.UserController:
	
2025-09-30 16:35:46 [main] DEBUG o.s.w.s.m.WebSocketAnnotationMethodMessageHandler - 
	o.s.b.a.w.s.e.BasicErrorController:
	
2025-09-30 16:35:46 [main] DEBUG o.s.w.s.m.m.a.RequestMappingHandlerAdapter - ControllerAdvice beans: 0 @ModelAttribute, 0 @InitBinder, 1 RequestBodyAdvice, 1 ResponseBodyAdvice
2025-09-30 16:35:46 [main] DEBUG o.s.w.s.m.m.a.ExceptionHandlerExceptionResolver - ControllerAdvice beans: 1 @ExceptionHandler, 1 ResponseBodyAdvice
2025-09-30 16:35:46 [main] DEBUG org.springframework.web.SimpLogging - clientOutboundChannel added SubProtocolWebSocketHandler[StompSubProtocolHandler[v10.stomp, v11.stomp, v12.stomp]]
2025-09-30 16:35:46 [main] DEBUG org.springframework.web.SimpLogging - clientInboundChannel added WebSocketAnnotationMethodMessageHandler[prefixes=[/app/]]
2025-09-30 16:35:46 [main] INFO  org.springframework.web.SimpLogging - Starting...
2025-09-30 16:35:46 [main] DEBUG org.springframework.web.SimpLogging - clientInboundChannel added SimpleBrokerMessageHandler [org.springframework.messaging.simp.broker.DefaultSubscriptionRegistry@2e3ec0e9]
2025-09-30 16:35:46 [main] DEBUG org.springframework.web.SimpLogging - brokerChannel added SimpleBrokerMessageHandler [org.springframework.messaging.simp.broker.DefaultSubscriptionRegistry@2e3ec0e9]
2025-09-30 16:35:46 [main] INFO  org.springframework.web.SimpLogging - BrokerAvailabilityEvent[available=true, SimpleBrokerMessageHandler [org.springframework.messaging.simp.broker.DefaultSubscriptionRegistry@2e3ec0e9]]
2025-09-30 16:35:46 [main] INFO  org.springframework.web.SimpLogging - Started.
2025-09-30 16:35:46 [main] DEBUG org.springframework.web.SimpLogging - clientInboundChannel added UserDestinationMessageHandler[DefaultUserDestinationResolver[prefix=/user/]]
2025-09-30 16:35:46 [main] DEBUG org.springframework.web.SimpLogging - brokerChannel added UserDestinationMessageHandler[DefaultUserDestinationResolver[prefix=/user/]]
2025-09-30 16:35:46 [main] INFO  c.b.e.EasychatsystemApplication - Started EasychatsystemApplication in 5.544 seconds (process running for 5.843)
2025-09-30 16:35:49 [http-nio-8485-exec-1] INFO  o.s.web.servlet.DispatcherServlet - Initializing Servlet 'dispatcherServlet'
2025-09-30 16:35:49 [http-nio-8485-exec-1] DEBUG o.s.web.servlet.DispatcherServlet - Detected StandardServletMultipartResolver
2025-09-30 16:35:49 [http-nio-8485-exec-1] DEBUG o.s.web.servlet.DispatcherServlet - Detected AcceptHeaderLocaleResolver
2025-09-30 16:35:49 [http-nio-8485-exec-1] DEBUG o.s.web.servlet.DispatcherServlet - Detected FixedThemeResolver
2025-09-30 16:35:49 [http-nio-8485-exec-1] DEBUG o.s.web.servlet.DispatcherServlet - Detected org.springframework.web.servlet.view.DefaultRequestToViewNameTranslator@17b3b021
2025-09-30 16:35:49 [http-nio-8485-exec-1] DEBUG o.s.web.servlet.DispatcherServlet - Detected org.springframework.web.servlet.support.SessionFlashMapManager@74f23ecc
2025-09-30 16:35:49 [http-nio-8485-exec-1] DEBUG o.s.web.servlet.DispatcherServlet - enableLoggingRequestDetails='false': request parameters and headers will be masked to prevent unsafe logging of potentially sensitive data
2025-09-30 16:35:49 [http-nio-8485-exec-1] INFO  o.s.web.servlet.DispatcherServlet - Completed initialization in 2 ms
2025-09-30 16:35:49 [http-nio-8485-exec-1] DEBUG o.s.web.servlet.DispatcherServlet - GET "/ws/info?t=1759224949203", parameters={masked}
2025-09-30 16:35:49 [http-nio-8485-exec-1] DEBUG o.s.w.s.s.s.WebSocketHandlerMapping - Mapped to org.springframework.web.socket.sockjs.support.SockJsHttpRequestHandler@ae2227
2025-09-30 16:35:49 [http-nio-8485-exec-1] DEBUG o.s.w.s.s.t.h.DefaultSockJsService - Processing transport request: GET http://localhost:8485/ws/info?t=1759224949203
2025-09-30 16:35:49 [http-nio-8485-exec-1] DEBUG o.s.web.servlet.DispatcherServlet - Completed 200 OK
2025-09-30 16:35:49 [http-nio-8485-exec-2] DEBUG o.s.web.servlet.DispatcherServlet - GET "/ws/087/y4ngkce3/websocket", parameters={}
2025-09-30 16:35:49 [http-nio-8485-exec-2] DEBUG o.s.w.s.s.s.WebSocketHandlerMapping - Mapped to org.springframework.web.socket.sockjs.support.SockJsHttpRequestHandler@ae2227
2025-09-30 16:35:49 [http-nio-8485-exec-2] DEBUG o.s.w.s.s.t.h.DefaultSockJsService - Processing transport request: GET http://localhost:8485/ws/087/y4ngkce3/websocket
2025-09-30 16:35:49 [http-nio-8485-exec-2] DEBUG o.s.web.servlet.DispatcherServlet - Completed 101 SWITCHING_PROTOCOLS
2025-09-30 16:35:49 [http-nio-8485-exec-2] DEBUG o.s.w.s.h.LoggingWebSocketHandlerDecorator - New WebSocketServerSockJsSession[id=y4ngkce3]
2025-09-30 16:35:49 [clientInboundChannel-2] DEBUG org.springframework.web.SimpLogging - Processing CONNECT session=y4ngkce3
2025-09-30 16:35:49 [clientInboundChannel-4] DEBUG o.s.w.s.m.WebSocketAnnotationMethodMessageHandler - Searching methods to handle SEND /app/chat.register session=y4ngkce3, lookupDestination='/chat.register'
2025-09-30 16:35:49 [clientInboundChannel-8] DEBUG org.springframework.web.SimpLogging - Processing SUBSCRIBE /user/queue/message.status id=sub-0 session=y4ngkce3
2025-09-30 16:35:49 [clientInboundChannel-9] DEBUG org.springframework.web.SimpLogging - Processing SUBSCRIBE destination=/queue/message.status-usery4ngkce3 subscriptionId=sub-0 session=y4ngkce3 payload=byte[0]
2025-09-30 16:35:49 [clientInboundChannel-11] DEBUG org.springframework.web.SimpLogging - Processing SUBSCRIBE /topic/conversation.2 id=sub-1 session=y4ngkce3
2025-09-30 16:35:49 [clientInboundChannel-4] DEBUG o.s.w.s.m.WebSocketAnnotationMethodMessageHandler - Invoking ChatController#register[2 args]
2025-09-30 16:35:53 [http-nio-8485-exec-5] DEBUG o.s.web.servlet.DispatcherServlet - GET "/api/messages/conversations", parameters={}
2025-09-30 16:35:53 [http-nio-8485-exec-5] DEBUG o.s.w.s.m.m.a.RequestMappingHandlerMapping - Mapped to com.binary.easychatsystem.controller.ChatRestController#getUserConversations(UserDetails)
2025-09-30 16:35:53 [http-nio-8485-exec-5] DEBUG o.s.w.s.m.m.a.HttpEntityMethodProcessor - Using 'application/json', given [*/*] and supported [application/json, application/*+json]
2025-09-30 16:35:53 [http-nio-8485-exec-5] DEBUG o.s.w.s.m.m.a.HttpEntityMethodProcessor - Writing [[com.binary.easychatsystem.dto.ConversationDTO@9f7f476, com.binary.easychatsystem.dto.ConversationDT (truncated)...]
2025-09-30 16:35:53 [http-nio-8485-exec-5] DEBUG o.s.web.servlet.DispatcherServlet - Completed 200 OK
2025-09-30 16:36:16 [http-nio-8485-exec-6] DEBUG o.s.web.servlet.DispatcherServlet - GET "/api/messages/conversations/2", parameters={}
2025-09-30 16:36:16 [http-nio-8485-exec-6] DEBUG o.s.w.s.m.m.a.RequestMappingHandlerMapping - Mapped to com.binary.easychatsystem.controller.ChatRestController#getConversationMessages(Long, int, int, UserDetails)
2025-09-30 16:36:16 [http-nio-8485-exec-6] INFO  c.b.e.s.impl.ChatMessageServiceImpl - return result: []
2025-09-30 16:36:16 [http-nio-8485-exec-6] DEBUG o.s.w.s.m.m.a.HttpEntityMethodProcessor - Using 'application/json', given [*/*] and supported [application/json, application/*+json]
2025-09-30 16:36:16 [http-nio-8485-exec-6] DEBUG o.s.w.s.m.m.a.HttpEntityMethodProcessor - Writing [[]]
2025-09-30 16:36:16 [http-nio-8485-exec-6] DEBUG o.s.web.servlet.DispatcherServlet - Completed 200 OK
2025-09-30 16:36:21 [http-nio-8485-exec-7] DEBUG o.s.web.servlet.DispatcherServlet - GET "/api/messages/conversations", parameters={}
2025-09-30 16:36:21 [http-nio-8485-exec-7] DEBUG o.s.w.s.m.m.a.RequestMappingHandlerMapping - Mapped to com.binary.easychatsystem.controller.ChatRestController#getUserConversations(UserDetails)
2025-09-30 16:36:21 [http-nio-8485-exec-7] DEBUG o.s.w.s.m.m.a.HttpEntityMethodProcessor - Using 'application/json', given [*/*] and supported [application/json, application/*+json]
2025-09-30 16:36:21 [http-nio-8485-exec-7] DEBUG o.s.w.s.m.m.a.HttpEntityMethodProcessor - Writing [[com.binary.easychatsystem.dto.ConversationDTO@3614afec, com.binary.easychatsystem.dto.ConversationD (truncated)...]
2025-09-30 16:36:21 [http-nio-8485-exec-7] DEBUG o.s.web.servlet.DispatcherServlet - Completed 200 OK
2025-09-30 16:36:34 [http-nio-8485-exec-8] DEBUG o.s.web.servlet.DispatcherServlet - GET "/api/messages/conversations/2", parameters={}
2025-09-30 16:36:34 [http-nio-8485-exec-8] DEBUG o.s.w.s.m.m.a.RequestMappingHandlerMapping - Mapped to com.binary.easychatsystem.controller.ChatRestController#getConversationMessages(Long, int, int, UserDetails)
2025-09-30 16:36:34 [http-nio-8485-exec-8] INFO  c.b.e.s.impl.ChatMessageServiceImpl - return result: []
2025-09-30 16:36:34 [http-nio-8485-exec-8] DEBUG o.s.w.s.m.m.a.HttpEntityMethodProcessor - Using 'application/json', given [*/*] and supported [application/json, application/*+json]
2025-09-30 16:36:34 [http-nio-8485-exec-8] DEBUG o.s.w.s.m.m.a.HttpEntityMethodProcessor - Writing [[]]
2025-09-30 16:36:34 [http-nio-8485-exec-8] DEBUG o.s.web.servlet.DispatcherServlet - Completed 200 OK
2025-09-30 16:36:46 [MessageBroker-2] INFO  o.s.w.s.c.WebSocketMessageBrokerStats - WebSocketSession[1 current WS(1)-HttpStream(0)-HttpPoll(0), 1 total, 0 closed abnormally (0 connect failure, 0 send limit, 0 transport error)], stompSubProtocol[processed CONNECT(1)-CONNECTED(1)-DISCONNECT(0)], stompBrokerRelay[null], inboundChannel[pool size = 12, active threads = 0, queued tasks = 0, completed tasks = 12], outboundChannel[pool size = 1, active threads = 0, queued tasks = 0, completed tasks = 1], sockJsScheduler[pool size = 8, active threads = 1, queued tasks = 2, completed tasks = 14]
2025-09-30 16:38:29 [http-nio-8485-exec-1] DEBUG o.s.w.s.h.LoggingWebSocketHandlerDecorator - WebSocketServerSockJsSession[id=y4ngkce3] closed with CloseStatus[code=1000, reason=null]
2025-09-30 16:38:29 [http-nio-8485-exec-1] DEBUG o.s.w.s.m.SubProtocolWebSocketHandler - Clearing session y4ngkce3
2025-09-30 16:38:29 [http-nio-8485-exec-1] INFO  c.b.e.config.WebSocketEventListener - user disconnected: 1
2025-09-30 16:38:29 [clientInboundChannel-14] DEBUG org.springframework.web.SimpLogging - Processing DISCONNECT session=y4ngkce3
2025-09-30 16:38:29 [clientOutboundChannel-2] DEBUG o.s.w.s.m.SubProtocolWebSocketHandler - No session for GenericMessage [payload=byte[0], headers={simpMessageType=DISCONNECT_ACK, simpDisconnectMessage=GenericMessage [payload=byte[0], headers={simpMessageType=DISCONNECT, stompCommand=DISCONNECT, simpSessionAttributes={org.springframework.messaging.simp.SimpAttributes.COMPLETED=true, userId=1, username=1}, simpSessionId=y4ngkce3}], simpSessionId=y4ngkce3}]
2025-09-30 16:38:29 [http-nio-8485-exec-4] DEBUG o.s.web.servlet.DispatcherServlet - GET "/ws/info?t=1759225109519", parameters={masked}
2025-09-30 16:38:29 [http-nio-8485-exec-4] DEBUG o.s.w.s.s.s.WebSocketHandlerMapping - Mapped to org.springframework.web.socket.sockjs.support.SockJsHttpRequestHandler@ae2227
2025-09-30 16:38:29 [http-nio-8485-exec-4] DEBUG o.s.w.s.s.t.h.DefaultSockJsService - Processing transport request: GET http://localhost:8485/ws/info?t=1759225109519
2025-09-30 16:38:29 [http-nio-8485-exec-4] DEBUG o.s.web.servlet.DispatcherServlet - Completed 200 OK
2025-09-30 16:38:29 [http-nio-8485-exec-5] DEBUG o.s.web.servlet.DispatcherServlet - GET "/ws/103/nx1m1txh/websocket", parameters={}
2025-09-30 16:38:29 [http-nio-8485-exec-5] DEBUG o.s.w.s.s.s.WebSocketHandlerMapping - Mapped to org.springframework.web.socket.sockjs.support.SockJsHttpRequestHandler@ae2227
2025-09-30 16:38:29 [http-nio-8485-exec-5] DEBUG o.s.w.s.s.t.h.DefaultSockJsService - Processing transport request: GET http://localhost:8485/ws/103/nx1m1txh/websocket
2025-09-30 16:38:29 [http-nio-8485-exec-5] DEBUG o.s.web.servlet.DispatcherServlet - Completed 101 SWITCHING_PROTOCOLS
2025-09-30 16:38:29 [http-nio-8485-exec-5] DEBUG o.s.w.s.h.LoggingWebSocketHandlerDecorator - New WebSocketServerSockJsSession[id=nx1m1txh]
2025-09-30 16:38:29 [clientInboundChannel-17] DEBUG org.springframework.web.SimpLogging - Processing CONNECT session=nx1m1txh
2025-09-30 16:38:29 [http-nio-8485-exec-3] DEBUG o.s.web.servlet.DispatcherServlet - GET "/api/messages/conversations", parameters={}
2025-09-30 16:38:29 [http-nio-8485-exec-3] DEBUG o.s.w.s.m.m.a.RequestMappingHandlerMapping - Mapped to com.binary.easychatsystem.controller.ChatRestController#getUserConversations(UserDetails)
2025-09-30 16:38:29 [clientInboundChannel-19] DEBUG o.s.w.s.m.WebSocketAnnotationMethodMessageHandler - Searching methods to handle SEND /app/chat.register session=nx1m1txh, lookupDestination='/chat.register'
2025-09-30 16:38:29 [clientInboundChannel-19] DEBUG o.s.w.s.m.WebSocketAnnotationMethodMessageHandler - Invoking ChatController#register[2 args]
2025-09-30 16:38:29 [clientInboundChannel-23] DEBUG org.springframework.web.SimpLogging - Processing SUBSCRIBE /user/queue/message.status id=sub-0 session=nx1m1txh
2025-09-30 16:38:29 [clientInboundChannel-24] DEBUG org.springframework.web.SimpLogging - Processing SUBSCRIBE destination=/queue/message.status-usernx1m1txh subscriptionId=sub-0 session=nx1m1txh attributes[2] payload=byte[0]
2025-09-30 16:38:29 [http-nio-8485-exec-3] DEBUG o.s.w.s.m.m.a.HttpEntityMethodProcessor - Using 'application/json', given [application/json, text/plain, */*] and supported [application/json, application/*+json]
2025-09-30 16:38:29 [http-nio-8485-exec-3] DEBUG o.s.w.s.m.m.a.HttpEntityMethodProcessor - Writing [[com.binary.easychatsystem.dto.ConversationDTO@6f1f9a69, com.binary.easychatsystem.dto.ConversationD (truncated)...]
2025-09-30 16:38:29 [http-nio-8485-exec-3] DEBUG o.s.web.servlet.DispatcherServlet - Completed 200 OK
2025-09-30 16:38:29 [http-nio-8485-exec-9] DEBUG o.s.web.servlet.DispatcherServlet - GET "/api/messages/conversations/2", parameters={}
2025-09-30 16:38:29 [http-nio-8485-exec-9] DEBUG o.s.w.s.m.m.a.RequestMappingHandlerMapping - Mapped to com.binary.easychatsystem.controller.ChatRestController#getConversationMessages(Long, int, int, UserDetails)
2025-09-30 16:38:29 [http-nio-8485-exec-9] INFO  c.b.e.s.impl.ChatMessageServiceImpl - return result: []
2025-09-30 16:38:29 [http-nio-8485-exec-9] DEBUG o.s.w.s.m.m.a.HttpEntityMethodProcessor - Using 'application/json', given [application/json, text/plain, */*] and supported [application/json, application/*+json]
2025-09-30 16:38:29 [http-nio-8485-exec-9] DEBUG o.s.w.s.m.m.a.HttpEntityMethodProcessor - Writing [[]]
2025-09-30 16:38:29 [http-nio-8485-exec-9] DEBUG o.s.web.servlet.DispatcherServlet - Completed 200 OK
2025-09-30 16:38:29 [clientInboundChannel-26] DEBUG org.springframework.web.SimpLogging - Processing SUBSCRIBE /topic/conversation.2 id=sub-1 session=nx1m1txh
2025-09-30 16:38:34 [MessageBroker-5] DEBUG o.s.w.s.s.t.h.DefaultSockJsService - Closed 1 sessions: [y4ngkce3]
2025-09-30 16:38:37 [http-nio-8485-exec-2] DEBUG o.s.web.servlet.DispatcherServlet - GET "/api/messages/conversations/2", parameters={}
2025-09-30 16:38:37 [http-nio-8485-exec-2] DEBUG o.s.w.s.m.m.a.RequestMappingHandlerMapping - Mapped to com.binary.easychatsystem.controller.ChatRestController#getConversationMessages(Long, int, int, UserDetails)
2025-09-30 16:38:37 [http-nio-8485-exec-2] INFO  c.b.e.s.impl.ChatMessageServiceImpl - return result: []
2025-09-30 16:38:37 [http-nio-8485-exec-2] DEBUG o.s.w.s.m.m.a.HttpEntityMethodProcessor - Using 'application/json', given [application/json, text/plain, */*] and supported [application/json, application/*+json]
2025-09-30 16:38:37 [http-nio-8485-exec-2] DEBUG o.s.w.s.m.m.a.HttpEntityMethodProcessor - Writing [[]]
2025-09-30 16:38:37 [http-nio-8485-exec-2] DEBUG o.s.web.servlet.DispatcherServlet - Completed 200 OK
2025-09-30 16:38:37 [clientInboundChannel-13] DEBUG org.springframework.web.SimpLogging - Processing UNSUBSCRIBE id=sub-1 session=nx1m1txh
2025-09-30 16:38:37 [clientInboundChannel-16] DEBUG org.springframework.web.SimpLogging - Processing SUBSCRIBE /topic/conversation.2 id=sub-2 session=nx1m1txh
2025-09-30 16:38:38 [http-nio-8485-exec-5] DEBUG o.s.web.servlet.DispatcherServlet - GET "/api/messages/conversations/2", parameters={}
2025-09-30 16:38:38 [http-nio-8485-exec-5] DEBUG o.s.w.s.m.m.a.RequestMappingHandlerMapping - Mapped to com.binary.easychatsystem.controller.ChatRestController#getConversationMessages(Long, int, int, UserDetails)
2025-09-30 16:38:38 [http-nio-8485-exec-5] INFO  c.b.e.s.impl.ChatMessageServiceImpl - return result: []
2025-09-30 16:38:38 [http-nio-8485-exec-5] DEBUG o.s.w.s.m.m.a.HttpEntityMethodProcessor - Using 'application/json', given [application/json, text/plain, */*] and supported [application/json, application/*+json]
2025-09-30 16:38:38 [http-nio-8485-exec-5] DEBUG o.s.w.s.m.m.a.HttpEntityMethodProcessor - Writing [[]]
2025-09-30 16:38:38 [http-nio-8485-exec-5] DEBUG o.s.web.servlet.DispatcherServlet - Completed 200 OK
2025-09-30 16:38:38 [clientInboundChannel-17] DEBUG org.springframework.web.SimpLogging - Processing UNSUBSCRIBE id=sub-2 session=nx1m1txh
2025-09-30 16:38:38 [clientInboundChannel-19] DEBUG org.springframework.web.SimpLogging - Processing SUBSCRIBE /topic/conversation.2 id=sub-3 session=nx1m1txh
2025-09-30 16:38:39 [clientInboundChannel-25] DEBUG org.springframework.web.SimpLogging - Processing UNSUBSCRIBE id=sub-3 session=nx1m1txh
2025-09-30 16:38:39 [http-nio-8485-exec-8] DEBUG o.s.web.servlet.DispatcherServlet - GET "/api/messages/conversations/1", parameters={}
2025-09-30 16:38:39 [http-nio-8485-exec-8] DEBUG o.s.w.s.m.m.a.RequestMappingHandlerMapping - Mapped to com.binary.easychatsystem.controller.ChatRestController#getConversationMessages(Long, int, int, UserDetails)
2025-09-30 16:38:39 [http-nio-8485-exec-8] INFO  c.b.e.s.impl.ChatMessageServiceImpl - return result: []
2025-09-30 16:38:39 [http-nio-8485-exec-8] DEBUG o.s.w.s.m.m.a.HttpEntityMethodProcessor - Using 'application/json', given [application/json, text/plain, */*] and supported [application/json, application/*+json]
2025-09-30 16:38:39 [http-nio-8485-exec-8] DEBUG o.s.w.s.m.m.a.HttpEntityMethodProcessor - Writing [[]]
2025-09-30 16:38:39 [http-nio-8485-exec-8] DEBUG o.s.web.servlet.DispatcherServlet - Completed 200 OK
2025-09-30 16:38:39 [clientInboundChannel-15] DEBUG org.springframework.web.SimpLogging - Processing SUBSCRIBE /topic/conversation.1 id=sub-4 session=nx1m1txh
2025-09-30 16:38:41 [clientInboundChannel-13] DEBUG org.springframework.web.SimpLogging - Processing UNSUBSCRIBE id=sub-4 session=nx1m1txh
2025-09-30 16:38:41 [http-nio-8485-exec-1] DEBUG o.s.web.servlet.DispatcherServlet - GET "/api/messages/conversations/2", parameters={}
2025-09-30 16:38:41 [http-nio-8485-exec-1] DEBUG o.s.w.s.m.m.a.RequestMappingHandlerMapping - Mapped to com.binary.easychatsystem.controller.ChatRestController#getConversationMessages(Long, int, int, UserDetails)
2025-09-30 16:38:41 [http-nio-8485-exec-1] INFO  c.b.e.s.impl.ChatMessageServiceImpl - return result: []
2025-09-30 16:38:41 [http-nio-8485-exec-1] DEBUG o.s.w.s.m.m.a.HttpEntityMethodProcessor - Using 'application/json', given [application/json, text/plain, */*] and supported [application/json, application/*+json]
2025-09-30 16:38:41 [http-nio-8485-exec-1] DEBUG o.s.w.s.m.m.a.HttpEntityMethodProcessor - Writing [[]]
2025-09-30 16:38:41 [http-nio-8485-exec-1] DEBUG o.s.web.servlet.DispatcherServlet - Completed 200 OK
2025-09-30 16:38:41 [clientInboundChannel-20] DEBUG org.springframework.web.SimpLogging - Processing SUBSCRIBE /topic/conversation.2 id=sub-5 session=nx1m1txh
2025-09-30 16:39:00 [clientInboundChannel-22] DEBUG o.s.w.s.m.WebSocketAnnotationMethodMessageHandler - Searching methods to handle SEND /app/chat.send session=nx1m1txh, lookupDestination='/chat.send'
2025-09-30 16:39:00 [clientInboundChannel-22] DEBUG o.s.w.s.m.WebSocketAnnotationMethodMessageHandler - Invoking ChatController#sendMessage[1 args]
2025-09-30 16:39:00 [clientInboundChannel-22] INFO  c.b.e.s.impl.ChatMessageServiceImpl - Saving message: ChatMessage(messageId=null, content=Hello Moe Lay, mediaType=TEXT, mediaUrl=, mediaMime=, mediaSize=0, senderId=1, recipientId=null, type=CHAT, status=SENT, isDeleted=null, createdAt=null, updatedAt=null, readAt=null, conversation=com.binary.easychatsystem.model.ChatConversation@26c7dd02)
2025-09-30 16:39:00 [clientInboundChannel-22] DEBUG o.s.w.s.m.WebSocketAnnotationMethodMessageHandler - Searching methods to handle MessageConversionException
2025-09-30 16:39:00 [clientInboundChannel-22] ERROR o.s.w.s.m.WebSocketAnnotationMethodMessageHandler - Unhandled exception from message handler method
org.springframework.messaging.converter.MessageConversionException: Could not write JSON: failed to lazily initialize a collection of role: com.binary.easychatsystem.model.ChatConversation.messages: could not initialize proxy - no Session (through reference chain: com.binary.easychatsystem.model.ChatMessage["conversation"]->com.binary.easychatsystem.model.ChatConversation["messages"])
	at org.springframework.messaging.converter.MappingJackson2MessageConverter.convertToInternal(MappingJackson2MessageConverter.java:295)
	at org.springframework.messaging.converter.AbstractMessageConverter.toMessage(AbstractMessageConverter.java:201)
	at org.springframework.messaging.converter.CompositeMessageConverter.toMessage(CompositeMessageConverter.java:96)
	at org.springframework.messaging.core.AbstractMessageSendingTemplate.doConvert(AbstractMessageSendingTemplate.java:174)
	at org.springframework.messaging.core.AbstractMessageSendingTemplate.convertAndSend(AbstractMessageSendingTemplate.java:147)
	at org.springframework.messaging.core.AbstractMessageSendingTemplate.convertAndSend(AbstractMessageSendingTemplate.java:126)
	at org.springframework.messaging.core.AbstractMessageSendingTemplate.convertAndSend(AbstractMessageSendingTemplate.java:119)
	at com.binary.easychatsystem.controller.ChatController.sendMessage(ChatController.java:46)
	at java.base/jdk.internal.reflect.DirectMethodHandleAccessor.invoke(DirectMethodHandleAccessor.java:103)
	at java.base/java.lang.reflect.Method.invoke(Method.java:580)
	at org.springframework.messaging.handler.invocation.InvocableHandlerMethod.doInvoke(InvocableHandlerMethod.java:169)
	at org.springframework.messaging.handler.invocation.InvocableHandlerMethod.invoke(InvocableHandlerMethod.java:119)
	at org.springframework.messaging.handler.invocation.AbstractMethodMessageHandler.handleMatch(AbstractMethodMessageHandler.java:568)
	at org.springframework.messaging.simp.annotation.support.SimpAnnotationMethodMessageHandler.handleMatch(SimpAnnotationMethodMessageHandler.java:530)
	at org.springframework.messaging.simp.annotation.support.SimpAnnotationMethodMessageHandler.handleMatch(SimpAnnotationMethodMessageHandler.java:93)
	at org.springframework.messaging.handler.invocation.AbstractMethodMessageHandler.handleMessageInternal(AbstractMethodMessageHandler.java:522)
	at org.springframework.messaging.handler.invocation.AbstractMethodMessageHandler.handleMessage(AbstractMethodMessageHandler.java:457)
	at org.springframework.messaging.support.ExecutorSubscribableChannel$SendTask.run(ExecutorSubscribableChannel.java:152)
	at java.base/java.util.concurrent.ThreadPoolExecutor.runWorker(ThreadPoolExecutor.java:1144)
	at java.base/java.util.concurrent.ThreadPoolExecutor$Worker.run(ThreadPoolExecutor.java:642)
	at java.base/java.lang.Thread.run(Thread.java:1583)
Caused by: com.fasterxml.jackson.databind.JsonMappingException: failed to lazily initialize a collection of role: com.binary.easychatsystem.model.ChatConversation.messages: could not initialize proxy - no Session (through reference chain: com.binary.easychatsystem.model.ChatMessage["conversation"]->com.binary.easychatsystem.model.ChatConversation["messages"])
	at com.fasterxml.jackson.databind.JsonMappingException.wrapWithPath(JsonMappingException.java:400)
	at com.fasterxml.jackson.databind.JsonMappingException.wrapWithPath(JsonMappingException.java:359)
	at com.fasterxml.jackson.databind.ser.std.StdSerializer.wrapAndThrow(StdSerializer.java:324)
	at com.fasterxml.jackson.databind.ser.std.BeanSerializerBase.serializeFields(BeanSerializerBase.java:765)
	at com.fasterxml.jackson.databind.ser.BeanSerializer.serialize(BeanSerializer.java:183)
	at com.fasterxml.jackson.databind.ser.BeanPropertyWriter.serializeAsField(BeanPropertyWriter.java:732)
	at com.fasterxml.jackson.databind.ser.std.BeanSerializerBase.serializeFields(BeanSerializerBase.java:760)
	at com.fasterxml.jackson.databind.ser.BeanSerializer.serialize(BeanSerializer.java:183)
	at com.fasterxml.jackson.databind.ser.DefaultSerializerProvider._serialize(DefaultSerializerProvider.java:503)
	at com.fasterxml.jackson.databind.ser.DefaultSerializerProvider.serializeValue(DefaultSerializerProvider.java:342)
	at com.fasterxml.jackson.databind.ObjectMapper.writeValue(ObjectMapper.java:3384)
	at org.springframework.messaging.converter.MappingJackson2MessageConverter.convertToInternal(MappingJackson2MessageConverter.java:277)
	... 20 common frames omitted
Caused by: org.hibernate.LazyInitializationException: failed to lazily initialize a collection of role: com.binary.easychatsystem.model.ChatConversation.messages: could not initialize proxy - no Session
	at org.hibernate.collection.spi.AbstractPersistentCollection.throwLazyInitializationException(AbstractPersistentCollection.java:635)
	at org.hibernate.collection.spi.AbstractPersistentCollection.withTemporarySessionIfNeeded(AbstractPersistentCollection.java:219)
	at org.hibernate.collection.spi.AbstractPersistentCollection.readSize(AbstractPersistentCollection.java:150)
	at org.hibernate.collection.spi.PersistentBag.size(PersistentBag.java:353)
	at com.fasterxml.jackson.databind.ser.std.CollectionSerializer.serialize(CollectionSerializer.java:101)
	at com.fasterxml.jackson.databind.ser.std.CollectionSerializer.serialize(CollectionSerializer.java:25)
	at com.fasterxml.jackson.databind.ser.BeanPropertyWriter.serializeAsField(BeanPropertyWriter.java:732)
	at com.fasterxml.jackson.databind.ser.std.BeanSerializerBase.serializeFields(BeanSerializerBase.java:760)
	... 28 common frames omitted
2025-09-30 16:40:26 [http-nio-8485-exec-3] DEBUG o.s.web.servlet.DispatcherServlet - GET "/api/messages/conversations/2", parameters={}
2025-09-30 16:40:26 [http-nio-8485-exec-3] DEBUG o.s.w.s.m.m.a.RequestMappingHandlerMapping - Mapped to com.binary.easychatsystem.controller.ChatRestController#getConversationMessages(Long, int, int, UserDetails)
2025-09-30 16:40:26 [http-nio-8485-exec-3] INFO  c.b.e.s.impl.ChatMessageServiceImpl - return result: [ChatMessage(messageId=1, content=Hello Moe Lay, mediaType=TEXT, mediaUrl=, mediaMime=, mediaSize=0, senderId=1, recipientId=null, type=CHAT, status=SENT, isDeleted=false, createdAt=2025-09-30T16:39:00.928657, updatedAt=null, readAt=null, conversation=com.binary.easychatsystem.model.ChatConversation@4aa3cc20)]
2025-09-30 16:40:26 [http-nio-8485-exec-3] DEBUG o.s.w.s.m.m.a.HttpEntityMethodProcessor - Using 'application/json', given [*/*] and supported [application/json, application/*+json]
2025-09-30 16:40:26 [http-nio-8485-exec-3] DEBUG o.s.w.s.m.m.a.HttpEntityMethodProcessor - Writing [[ChatMessage(messageId=1, content=Hello Moe Lay, mediaType=TEXT, mediaUrl=, mediaMime=, mediaSize=0, (truncated)...]
2025-09-30 16:40:26 [http-nio-8485-exec-3] DEBUG o.s.w.s.m.m.a.ExceptionHandlerExceptionResolver - Using @ExceptionHandler com.binary.easychatsystem.exception.GlobalExceptionHandler#handleRuntimeException(RuntimeException)
2025-09-30 16:40:26 [http-nio-8485-exec-3] DEBUG o.s.w.s.m.m.a.HttpEntityMethodProcessor - Found 'Content-Type:application/json' in response
2025-09-30 16:40:26 [http-nio-8485-exec-3] DEBUG o.s.w.s.m.m.a.HttpEntityMethodProcessor - Writing [com.binary.easychatsystem.exception.GlobalExceptionHandler$ErrorResponse@716c35]
2025-09-30 16:40:26 [http-nio-8485-exec-3] DEBUG o.s.w.s.m.m.a.ExceptionHandlerExceptionResolver - Resolved [org.springframework.http.converter.HttpMessageNotWritableException: Could not write JSON: Document nesting depth (1001) exceeds the maximum allowed (1000, from `StreamWriteConstraints.getMaxNestingDepth()`)]
2025-09-30 16:40:26 [http-nio-8485-exec-3] DEBUG o.s.web.servlet.DispatcherServlet - Completed 200 OK
2025-09-30 16:44:21 [SpringApplicationShutdownHook] DEBUG org.springframework.web.SimpLogging - clientOutboundChannel removed SubProtocolWebSocketHandler[StompSubProtocolHandler[v10.stomp, v11.stomp, v12.stomp]]
2025-09-30 16:44:21 [SpringApplicationShutdownHook] DEBUG o.s.w.s.s.t.s.WebSocketServerSockJsSession - Closing SockJS session nx1m1txh with CloseStatus[code=1001, reason=null]
2025-09-30 16:44:21 [SpringApplicationShutdownHook] DEBUG o.s.w.s.h.LoggingWebSocketHandlerDecorator - Transport error in WebSocketServerSockJsSession[id=nx1m1txh]
java.io.IOException: java.nio.channels.ClosedChannelException
	at org.apache.tomcat.websocket.WsRemoteEndpointImplBase.sendMessageBlockInternal(WsRemoteEndpointImplBase.java:326)
	at org.apache.tomcat.websocket.WsRemoteEndpointImplBase.sendMessageBlock(WsRemoteEndpointImplBase.java:266)
	at org.apache.tomcat.websocket.WsSession.sendCloseMessage(WsSession.java:778)
	at org.apache.tomcat.websocket.WsSession.doClose(WsSession.java:575)
	at org.apache.tomcat.websocket.WsRemoteEndpointImplBase.sendMessageBlockInternal(WsRemoteEndpointImplBase.java:324)
	at org.apache.tomcat.websocket.WsRemoteEndpointImplBase.sendMessageBlock(WsRemoteEndpointImplBase.java:266)
	at org.apache.tomcat.websocket.WsRemoteEndpointImplBase.sendMessageBlock(WsRemoteEndpointImplBase.java:250)
	at org.apache.tomcat.websocket.WsRemoteEndpointImplBase.sendPartialString(WsRemoteEndpointImplBase.java:223)
	at org.apache.tomcat.websocket.WsRemoteEndpointBasic.sendText(WsRemoteEndpointBasic.java:48)
	at org.springframework.web.socket.adapter.standard.StandardWebSocketSession.sendTextMessage(StandardWebSocketSession.java:217)
	at org.springframework.web.socket.adapter.AbstractWebSocketSession.sendMessage(AbstractWebSocketSession.java:108)
	at org.springframework.web.socket.sockjs.transport.session.WebSocketServerSockJsSession.writeFrameInternal(WebSocketServerSockJsSession.java:228)
	at org.springframework.web.socket.sockjs.transport.session.AbstractSockJsSession.close(AbstractSockJsSession.java:188)
	at org.springframework.web.socket.handler.WebSocketSessionDecorator.close(WebSocketSessionDecorator.java:164)
	at org.springframework.web.socket.handler.ConcurrentWebSocketSessionDecorator.close(ConcurrentWebSocketSessionDecorator.java:279)
	at org.springframework.web.socket.messaging.SubProtocolWebSocketHandler.stop(SubProtocolWebSocketHandler.java:308)
	at org.springframework.web.socket.messaging.SubProtocolWebSocketHandler.stop(SubProtocolWebSocketHandler.java:321)
	at org.springframework.context.support.DefaultLifecycleProcessor.doStop(DefaultLifecycleProcessor.java:463)
	at org.springframework.context.support.DefaultLifecycleProcessor$LifecycleGroup.stop(DefaultLifecycleProcessor.java:618)
	at java.base/java.lang.Iterable.forEach(Iterable.java:75)
	at org.springframework.context.support.DefaultLifecycleProcessor.stopBeans(DefaultLifecycleProcessor.java:432)
	at org.springframework.context.support.DefaultLifecycleProcessor.onClose(DefaultLifecycleProcessor.java:323)
	at org.springframework.context.support.AbstractApplicationContext.doClose(AbstractApplicationContext.java:1172)
	at org.springframework.boot.web.servlet.context.ServletWebServerApplicationContext.doClose(ServletWebServerApplicationContext.java:179)
	at org.springframework.context.support.AbstractApplicationContext.close(AbstractApplicationContext.java:1126)
	at org.springframework.boot.SpringApplicationShutdownHook.closeAndWait(SpringApplicationShutdownHook.java:147)
	at java.base/java.lang.Iterable.forEach(Iterable.java:75)
	at org.springframework.boot.SpringApplicationShutdownHook.run(SpringApplicationShutdownHook.java:116)
	at java.base/java.lang.Thread.run(Thread.java:1583)
Caused by: java.nio.channels.ClosedChannelException: null
	at org.apache.tomcat.util.net.NioChannel$1.write(NioChannel.java:282)
	at org.apache.tomcat.util.net.NioEndpoint$NioSocketWrapper$NioOperationState.run(NioEndpoint.java:1665)
	at org.apache.tomcat.util.net.SocketWrapperBase$OperationState.start(SocketWrapperBase.java:987)
	at org.apache.tomcat.util.net.SocketWrapperBase.vectoredOperation(SocketWrapperBase.java:1358)
	at org.apache.tomcat.util.net.SocketWrapperBase.write(SocketWrapperBase.java:1287)
	at org.apache.tomcat.util.net.SocketWrapperBase.write(SocketWrapperBase.java:1262)
	at org.apache.tomcat.websocket.server.WsRemoteEndpointImplServer.doWrite(WsRemoteEndpointImplServer.java:171)
	at org.apache.tomcat.websocket.WsRemoteEndpointImplBase.writeMessagePart(WsRemoteEndpointImplBase.java:521)
	at org.apache.tomcat.websocket.WsRemoteEndpointImplBase.sendMessageBlockInternal(WsRemoteEndpointImplBase.java:313)
	... 24 common frames omitted
2025-09-30 16:44:21 [SpringApplicationShutdownHook] DEBUG o.s.w.s.s.t.s.WebSocketServerSockJsSession - Failure while sending SockJS close frame
java.io.IOException: java.nio.channels.ClosedChannelException
	at org.apache.tomcat.websocket.WsRemoteEndpointImplBase.sendMessageBlockInternal(WsRemoteEndpointImplBase.java:326)
	at org.apache.tomcat.websocket.WsRemoteEndpointImplBase.sendMessageBlock(WsRemoteEndpointImplBase.java:266)
	at org.apache.tomcat.websocket.WsRemoteEndpointImplBase.sendMessageBlock(WsRemoteEndpointImplBase.java:250)
	at org.apache.tomcat.websocket.WsRemoteEndpointImplBase.sendPartialString(WsRemoteEndpointImplBase.java:223)
	at org.apache.tomcat.websocket.WsRemoteEndpointBasic.sendText(WsRemoteEndpointBasic.java:48)
	at org.springframework.web.socket.adapter.standard.StandardWebSocketSession.sendTextMessage(StandardWebSocketSession.java:217)
	at org.springframework.web.socket.adapter.AbstractWebSocketSession.sendMessage(AbstractWebSocketSession.java:108)
	at org.springframework.web.socket.sockjs.transport.session.WebSocketServerSockJsSession.writeFrameInternal(WebSocketServerSockJsSession.java:228)
	at org.springframework.web.socket.sockjs.transport.session.AbstractSockJsSession.close(AbstractSockJsSession.java:188)
	at org.springframework.web.socket.handler.WebSocketSessionDecorator.close(WebSocketSessionDecorator.java:164)
	at org.springframework.web.socket.handler.ConcurrentWebSocketSessionDecorator.close(ConcurrentWebSocketSessionDecorator.java:279)
	at org.springframework.web.socket.messaging.SubProtocolWebSocketHandler.stop(SubProtocolWebSocketHandler.java:308)
	at org.springframework.web.socket.messaging.SubProtocolWebSocketHandler.stop(SubProtocolWebSocketHandler.java:321)
	at org.springframework.context.support.DefaultLifecycleProcessor.doStop(DefaultLifecycleProcessor.java:463)
	at org.springframework.context.support.DefaultLifecycleProcessor$LifecycleGroup.stop(DefaultLifecycleProcessor.java:618)
	at java.base/java.lang.Iterable.forEach(Iterable.java:75)
	at org.springframework.context.support.DefaultLifecycleProcessor.stopBeans(DefaultLifecycleProcessor.java:432)
	at org.springframework.context.support.DefaultLifecycleProcessor.onClose(DefaultLifecycleProcessor.java:323)
	at org.springframework.context.support.AbstractApplicationContext.doClose(AbstractApplicationContext.java:1172)
	at org.springframework.boot.web.servlet.context.ServletWebServerApplicationContext.doClose(ServletWebServerApplicationContext.java:179)
	at org.springframework.context.support.AbstractApplicationContext.close(AbstractApplicationContext.java:1126)
	at org.springframework.boot.SpringApplicationShutdownHook.closeAndWait(SpringApplicationShutdownHook.java:147)
	at java.base/java.lang.Iterable.forEach(Iterable.java:75)
	at org.springframework.boot.SpringApplicationShutdownHook.run(SpringApplicationShutdownHook.java:116)
	at java.base/java.lang.Thread.run(Thread.java:1583)
Caused by: java.nio.channels.ClosedChannelException: null
	at org.apache.tomcat.util.net.NioChannel$1.write(NioChannel.java:282)
	at org.apache.tomcat.util.net.NioEndpoint$NioSocketWrapper$NioOperationState.run(NioEndpoint.java:1665)
	at org.apache.tomcat.util.net.SocketWrapperBase$OperationState.start(SocketWrapperBase.java:987)
	at org.apache.tomcat.util.net.SocketWrapperBase.vectoredOperation(SocketWrapperBase.java:1358)
	at org.apache.tomcat.util.net.SocketWrapperBase.write(SocketWrapperBase.java:1287)
	at org.apache.tomcat.util.net.SocketWrapperBase.write(SocketWrapperBase.java:1262)
	at org.apache.tomcat.websocket.server.WsRemoteEndpointImplServer.doWrite(WsRemoteEndpointImplServer.java:171)
	at org.apache.tomcat.websocket.WsRemoteEndpointImplBase.writeMessagePart(WsRemoteEndpointImplBase.java:521)
	at org.apache.tomcat.websocket.WsRemoteEndpointImplBase.sendMessageBlockInternal(WsRemoteEndpointImplBase.java:313)
	... 24 common frames omitted
2025-09-30 16:44:21 [SpringApplicationShutdownHook] DEBUG o.s.w.s.h.LoggingWebSocketHandlerDecorator - WebSocketServerSockJsSession[id=nx1m1txh] closed with CloseStatus[code=1001, reason=null]
2025-09-30 16:44:21 [SpringApplicationShutdownHook] DEBUG o.s.w.s.m.SubProtocolWebSocketHandler - Clearing session nx1m1txh
2025-09-30 16:44:21 [SpringApplicationShutdownHook] INFO  c.b.e.config.WebSocketEventListener - user disconnected: 1
2025-09-30 16:44:21 [SpringApplicationShutdownHook] DEBUG org.springframework.web.SimpLogging - clientInboundChannel removed WebSocketAnnotationMethodMessageHandler[prefixes=[/app/]]
2025-09-30 16:44:21 [SpringApplicationShutdownHook] INFO  org.springframework.web.SimpLogging - Stopping...
2025-09-30 16:44:21 [SpringApplicationShutdownHook] INFO  org.springframework.web.SimpLogging - BrokerAvailabilityEvent[available=false, SimpleBrokerMessageHandler [org.springframework.messaging.simp.broker.DefaultSubscriptionRegistry@2e3ec0e9]]
2025-09-30 16:44:21 [SpringApplicationShutdownHook] DEBUG org.springframework.web.SimpLogging - clientInboundChannel removed SimpleBrokerMessageHandler [org.springframework.messaging.simp.broker.DefaultSubscriptionRegistry@2e3ec0e9]
2025-09-30 16:44:21 [SpringApplicationShutdownHook] DEBUG org.springframework.web.SimpLogging - brokerChannel removed SimpleBrokerMessageHandler [org.springframework.messaging.simp.broker.DefaultSubscriptionRegistry@2e3ec0e9]
2025-09-30 16:44:21 [SpringApplicationShutdownHook] INFO  org.springframework.web.SimpLogging - Stopped.
2025-09-30 16:44:21 [SpringApplicationShutdownHook] DEBUG org.springframework.web.SimpLogging - clientInboundChannel removed UserDestinationMessageHandler[DefaultUserDestinationResolver[prefix=/user/]]
2025-09-30 16:44:21 [SpringApplicationShutdownHook] DEBUG org.springframework.web.SimpLogging - brokerChannel removed UserDestinationMessageHandler[DefaultUserDestinationResolver[prefix=/user/]]
2025-09-30 16:44:21 [clientInboundChannel-30] DEBUG org.springframework.web.SimpLogging - Processing DISCONNECT session=nx1m1txh
2025-09-30 16:44:24 [main] INFO  c.b.e.EasychatsystemApplication - Starting EasychatsystemApplication using Java 21.0.8 with PID 113336 (/home/andy/Developments/local/java_workspace/easychatsystem/target/classes started by andy in /home/andy/Developments/local/java_workspace/easychatsystem)
2025-09-30 16:44:24 [main] DEBUG c.b.e.EasychatsystemApplication - Running with Spring Boot v3.5.4, Spring v6.2.9
2025-09-30 16:44:24 [main] INFO  c.b.e.EasychatsystemApplication - No active profile set, falling back to 1 default profile: "default"
2025-09-30 16:44:28 [main] WARN  o.s.b.a.o.j.JpaBaseConfiguration$JpaWebConfiguration - spring.jpa.open-in-view is enabled by default. Therefore, database queries may be performed during view rendering. Explicitly configure spring.jpa.open-in-view to disable this warning
2025-09-30 16:44:28 [main] DEBUG o.s.w.s.s.s.WebSocketHandlerMapping - Patterns [/ws/**] in 'stompWebSocketHandlerMapping'
2025-09-30 16:44:28 [main] DEBUG o.s.w.s.m.m.a.RequestMappingHandlerMapping - 13 mappings in 'requestMappingHandlerMapping'
2025-09-30 16:44:28 [main] DEBUG o.s.w.s.h.SimpleUrlHandlerMapping - Patterns [/webjars/**, /**] in 'resourceHandlerMapping'
2025-09-30 16:44:29 [main] DEBUG o.s.w.s.m.WebSocketAnnotationMethodMessageHandler - 
	c.b.e.c.ChatController:
	{[MESSAGE],[/chat.register]}: register(ChatMessage,SimpMessageHeaderAccessor)
	{[MESSAGE],[/chat.send]}: sendMessage(SendMessageRequest)
	{[MESSAGE],[/chat.typing]}: handleTyping(TypingRequest)
	{[MESSAGE],[/chat.read]}: handleReadReceipt(ReadReceiptRequest)
2025-09-30 16:44:29 [main] DEBUG o.s.w.s.m.WebSocketAnnotationMethodMessageHandler - 
	c.b.e.c.ChatRestController:
	
2025-09-30 16:44:29 [main] DEBUG o.s.w.s.m.WebSocketAnnotationMethodMessageHandler - 
	c.b.e.c.UserController:
	
2025-09-30 16:44:29 [main] DEBUG o.s.w.s.m.WebSocketAnnotationMethodMessageHandler - 
	o.s.b.a.w.s.e.BasicErrorController:
	
2025-09-30 16:44:29 [main] DEBUG o.s.w.s.m.m.a.RequestMappingHandlerAdapter - ControllerAdvice beans: 0 @ModelAttribute, 0 @InitBinder, 1 RequestBodyAdvice, 1 ResponseBodyAdvice
2025-09-30 16:44:29 [main] DEBUG o.s.w.s.m.m.a.ExceptionHandlerExceptionResolver - ControllerAdvice beans: 1 @ExceptionHandler, 1 ResponseBodyAdvice
2025-09-30 16:44:29 [main] DEBUG org.springframework.web.SimpLogging - clientOutboundChannel added SubProtocolWebSocketHandler[StompSubProtocolHandler[v10.stomp, v11.stomp, v12.stomp]]
2025-09-30 16:44:29 [main] DEBUG org.springframework.web.SimpLogging - clientInboundChannel added WebSocketAnnotationMethodMessageHandler[prefixes=[/app/]]
2025-09-30 16:44:29 [main] INFO  org.springframework.web.SimpLogging - Starting...
2025-09-30 16:44:29 [main] DEBUG org.springframework.web.SimpLogging - clientInboundChannel added SimpleBrokerMessageHandler [org.springframework.messaging.simp.broker.DefaultSubscriptionRegistry@79da2f0d]
2025-09-30 16:44:29 [main] DEBUG org.springframework.web.SimpLogging - brokerChannel added SimpleBrokerMessageHandler [org.springframework.messaging.simp.broker.DefaultSubscriptionRegistry@79da2f0d]
2025-09-30 16:44:29 [main] INFO  org.springframework.web.SimpLogging - BrokerAvailabilityEvent[available=true, SimpleBrokerMessageHandler [org.springframework.messaging.simp.broker.DefaultSubscriptionRegistry@79da2f0d]]
2025-09-30 16:44:29 [main] INFO  org.springframework.web.SimpLogging - Started.
2025-09-30 16:44:29 [main] DEBUG org.springframework.web.SimpLogging - clientInboundChannel added UserDestinationMessageHandler[DefaultUserDestinationResolver[prefix=/user/]]
2025-09-30 16:44:29 [main] DEBUG org.springframework.web.SimpLogging - brokerChannel added UserDestinationMessageHandler[DefaultUserDestinationResolver[prefix=/user/]]
2025-09-30 16:44:29 [main] INFO  c.b.e.EasychatsystemApplication - Started EasychatsystemApplication in 5.623 seconds (process running for 5.944)
2025-09-30 16:44:33 [http-nio-8485-exec-1] INFO  o.s.web.servlet.DispatcherServlet - Initializing Servlet 'dispatcherServlet'
2025-09-30 16:44:33 [http-nio-8485-exec-1] DEBUG o.s.web.servlet.DispatcherServlet - Detected StandardServletMultipartResolver
2025-09-30 16:44:33 [http-nio-8485-exec-1] DEBUG o.s.web.servlet.DispatcherServlet - Detected AcceptHeaderLocaleResolver
2025-09-30 16:44:33 [http-nio-8485-exec-1] DEBUG o.s.web.servlet.DispatcherServlet - Detected FixedThemeResolver
2025-09-30 16:44:33 [http-nio-8485-exec-1] DEBUG o.s.web.servlet.DispatcherServlet - Detected org.springframework.web.servlet.view.DefaultRequestToViewNameTranslator@339de67e
2025-09-30 16:44:33 [http-nio-8485-exec-1] DEBUG o.s.web.servlet.DispatcherServlet - Detected org.springframework.web.servlet.support.SessionFlashMapManager@6557d4c6
2025-09-30 16:44:33 [http-nio-8485-exec-1] DEBUG o.s.web.servlet.DispatcherServlet - enableLoggingRequestDetails='false': request parameters and headers will be masked to prevent unsafe logging of potentially sensitive data
2025-09-30 16:44:33 [http-nio-8485-exec-1] INFO  o.s.web.servlet.DispatcherServlet - Completed initialization in 1 ms
2025-09-30 16:44:33 [http-nio-8485-exec-1] DEBUG o.s.web.servlet.DispatcherServlet - GET "/ws/info?t=1759225473203", parameters={masked}
2025-09-30 16:44:33 [http-nio-8485-exec-1] DEBUG o.s.w.s.s.s.WebSocketHandlerMapping - Mapped to org.springframework.web.socket.sockjs.support.SockJsHttpRequestHandler@2a9464d9
2025-09-30 16:44:33 [http-nio-8485-exec-1] DEBUG o.s.w.s.s.t.h.DefaultSockJsService - Processing transport request: GET http://localhost:8485/ws/info?t=1759225473203
2025-09-30 16:44:33 [http-nio-8485-exec-1] DEBUG o.s.web.servlet.DispatcherServlet - Completed 200 OK
2025-09-30 16:44:33 [http-nio-8485-exec-2] DEBUG o.s.web.servlet.DispatcherServlet - GET "/ws/108/vaict1d2/websocket", parameters={}
2025-09-30 16:44:33 [http-nio-8485-exec-2] DEBUG o.s.w.s.s.s.WebSocketHandlerMapping - Mapped to org.springframework.web.socket.sockjs.support.SockJsHttpRequestHandler@2a9464d9
2025-09-30 16:44:33 [http-nio-8485-exec-2] DEBUG o.s.w.s.s.t.h.DefaultSockJsService - Processing transport request: GET http://localhost:8485/ws/108/vaict1d2/websocket
2025-09-30 16:44:33 [http-nio-8485-exec-2] DEBUG o.s.web.servlet.DispatcherServlet - Completed 101 SWITCHING_PROTOCOLS
2025-09-30 16:44:33 [http-nio-8485-exec-2] DEBUG o.s.w.s.h.LoggingWebSocketHandlerDecorator - New WebSocketServerSockJsSession[id=vaict1d2]
2025-09-30 16:44:33 [clientInboundChannel-2] DEBUG org.springframework.web.SimpLogging - Processing CONNECT session=vaict1d2
2025-09-30 16:44:33 [clientInboundChannel-4] DEBUG o.s.w.s.m.WebSocketAnnotationMethodMessageHandler - Searching methods to handle SEND /app/chat.register session=vaict1d2, lookupDestination='/chat.register'
2025-09-30 16:44:33 [clientInboundChannel-8] DEBUG org.springframework.web.SimpLogging - Processing SUBSCRIBE /user/queue/message.status id=sub-0 session=vaict1d2
2025-09-30 16:44:33 [clientInboundChannel-9] DEBUG org.springframework.web.SimpLogging - Processing SUBSCRIBE destination=/queue/message.status-uservaict1d2 subscriptionId=sub-0 session=vaict1d2 payload=byte[0]
2025-09-30 16:44:33 [clientInboundChannel-11] DEBUG org.springframework.web.SimpLogging - Processing SUBSCRIBE /topic/conversation.2 id=sub-1 session=vaict1d2
2025-09-30 16:44:33 [clientInboundChannel-4] DEBUG o.s.w.s.m.WebSocketAnnotationMethodMessageHandler - Invoking ChatController#register[2 args]
2025-09-30 16:44:40 [http-nio-8485-exec-5] DEBUG o.s.web.servlet.DispatcherServlet - GET "/api/messages/conversations/2", parameters={}
2025-09-30 16:44:40 [http-nio-8485-exec-5] DEBUG o.s.w.s.m.m.a.RequestMappingHandlerMapping - Mapped to com.binary.easychatsystem.controller.ChatRestController#getConversationMessages(Long, int, int, UserDetails)
2025-09-30 16:44:41 [http-nio-8485-exec-5] INFO  c.b.e.s.impl.ChatMessageServiceImpl - return result: [ChatMessage(messageId=1, content=Hello Moe Lay, mediaType=TEXT, mediaUrl=, mediaMime=, mediaSize=0, senderId=1, recipientId=null, type=CHAT, status=SENT, isDeleted=false, createdAt=2025-09-30T16:39:00.928657, updatedAt=null, readAt=null, conversation=com.binary.easychatsystem.model.ChatConversation@2ba3163)]
2025-09-30 16:44:41 [http-nio-8485-exec-5] DEBUG o.s.w.s.m.m.a.HttpEntityMethodProcessor - Using 'application/json', given [*/*] and supported [application/json, application/*+json]
2025-09-30 16:44:41 [http-nio-8485-exec-5] DEBUG o.s.w.s.m.m.a.HttpEntityMethodProcessor - Writing [[ChatMessage(messageId=1, content=Hello Moe Lay, mediaType=TEXT, mediaUrl=, mediaMime=, mediaSize=0, (truncated)...]
2025-09-30 16:44:41 [http-nio-8485-exec-5] DEBUG o.s.web.servlet.DispatcherServlet - Completed 200 OK
2025-09-30 16:45:29 [MessageBroker-6] INFO  o.s.w.s.c.WebSocketMessageBrokerStats - WebSocketSession[1 current WS(1)-HttpStream(0)-HttpPoll(0), 1 total, 0 closed abnormally (0 connect failure, 0 send limit, 0 transport error)], stompSubProtocol[processed CONNECT(1)-CONNECTED(1)-DISCONNECT(0)], stompBrokerRelay[null], inboundChannel[pool size = 12, active threads = 0, queued tasks = 0, completed tasks = 12], outboundChannel[pool size = 1, active threads = 0, queued tasks = 0, completed tasks = 1], sockJsScheduler[pool size = 8, active threads = 1, queued tasks = 2, completed tasks = 14]
2025-09-30 16:45:58 [http-nio-8485-exec-8] DEBUG o.s.w.s.h.LoggingWebSocketHandlerDecorator - WebSocketServerSockJsSession[id=vaict1d2] closed with CloseStatus[code=1000, reason=null]
2025-09-30 16:45:58 [http-nio-8485-exec-8] DEBUG o.s.w.s.m.SubProtocolWebSocketHandler - Clearing session vaict1d2
2025-09-30 16:45:58 [http-nio-8485-exec-8] INFO  c.b.e.config.WebSocketEventListener - user disconnected: 1
2025-09-30 16:45:58 [clientInboundChannel-14] DEBUG org.springframework.web.SimpLogging - Processing DISCONNECT session=vaict1d2
2025-09-30 16:45:58 [clientOutboundChannel-2] DEBUG o.s.w.s.m.SubProtocolWebSocketHandler - No session for GenericMessage [payload=byte[0], headers={simpMessageType=DISCONNECT_ACK, simpDisconnectMessage=GenericMessage [payload=byte[0], headers={simpMessageType=DISCONNECT, stompCommand=DISCONNECT, simpSessionAttributes={org.springframework.messaging.simp.SimpAttributes.COMPLETED=true, userId=1, username=1}, simpSessionId=vaict1d2}], simpSessionId=vaict1d2}]
2025-09-30 16:45:58 [http-nio-8485-exec-1] DEBUG o.s.web.servlet.DispatcherServlet - GET "/ws/info?t=1759225558599", parameters={masked}
2025-09-30 16:45:58 [http-nio-8485-exec-1] DEBUG o.s.w.s.s.s.WebSocketHandlerMapping - Mapped to org.springframework.web.socket.sockjs.support.SockJsHttpRequestHandler@2a9464d9
2025-09-30 16:45:58 [http-nio-8485-exec-1] DEBUG o.s.w.s.s.t.h.DefaultSockJsService - Processing transport request: GET http://localhost:8485/ws/info?t=1759225558599
2025-09-30 16:45:58 [http-nio-8485-exec-1] DEBUG o.s.web.servlet.DispatcherServlet - Completed 200 OK
2025-09-30 16:45:58 [http-nio-8485-exec-2] DEBUG o.s.web.servlet.DispatcherServlet - GET "/ws/298/2b3dj0lr/websocket", parameters={}
2025-09-30 16:45:58 [http-nio-8485-exec-2] DEBUG o.s.w.s.s.s.WebSocketHandlerMapping - Mapped to org.springframework.web.socket.sockjs.support.SockJsHttpRequestHandler@2a9464d9
2025-09-30 16:45:58 [http-nio-8485-exec-2] DEBUG o.s.w.s.s.t.h.DefaultSockJsService - Processing transport request: GET http://localhost:8485/ws/298/2b3dj0lr/websocket
2025-09-30 16:45:58 [http-nio-8485-exec-2] DEBUG o.s.web.servlet.DispatcherServlet - Completed 101 SWITCHING_PROTOCOLS
2025-09-30 16:45:58 [http-nio-8485-exec-2] DEBUG o.s.w.s.h.LoggingWebSocketHandlerDecorator - New WebSocketServerSockJsSession[id=2b3dj0lr]
2025-09-30 16:45:58 [clientInboundChannel-17] DEBUG org.springframework.web.SimpLogging - Processing CONNECT session=2b3dj0lr
2025-09-30 16:45:58 [clientInboundChannel-19] DEBUG o.s.w.s.m.WebSocketAnnotationMethodMessageHandler - Searching methods to handle SEND /app/chat.register session=2b3dj0lr, lookupDestination='/chat.register'
2025-09-30 16:45:58 [clientInboundChannel-19] DEBUG o.s.w.s.m.WebSocketAnnotationMethodMessageHandler - Invoking ChatController#register[2 args]
2025-09-30 16:45:58 [clientInboundChannel-23] DEBUG org.springframework.web.SimpLogging - Processing SUBSCRIBE /user/queue/message.status id=sub-0 session=2b3dj0lr
2025-09-30 16:45:58 [clientInboundChannel-24] DEBUG org.springframework.web.SimpLogging - Processing SUBSCRIBE destination=/queue/message.status-user2b3dj0lr subscriptionId=sub-0 session=2b3dj0lr attributes[2] payload=byte[0]
2025-09-30 16:45:58 [http-nio-8485-exec-10] DEBUG o.s.web.servlet.DispatcherServlet - GET "/api/messages/conversations", parameters={}
2025-09-30 16:45:58 [http-nio-8485-exec-10] DEBUG o.s.w.s.m.m.a.RequestMappingHandlerMapping - Mapped to com.binary.easychatsystem.controller.ChatRestController#getUserConversations(UserDetails)
2025-09-30 16:45:58 [http-nio-8485-exec-10] DEBUG o.s.w.s.m.m.a.HttpEntityMethodProcessor - Using 'application/json', given [application/json, text/plain, */*] and supported [application/json, application/*+json]
2025-09-30 16:45:58 [http-nio-8485-exec-10] DEBUG o.s.w.s.m.m.a.HttpEntityMethodProcessor - Writing [[com.binary.easychatsystem.dto.ConversationDTO@6d8ced20, com.binary.easychatsystem.dto.ConversationD (truncated)...]
2025-09-30 16:45:58 [http-nio-8485-exec-10] DEBUG o.s.web.servlet.DispatcherServlet - Completed 200 OK
2025-09-30 16:45:58 [http-nio-8485-exec-6] DEBUG o.s.web.servlet.DispatcherServlet - GET "/api/messages/conversations/2", parameters={}
2025-09-30 16:45:58 [http-nio-8485-exec-6] DEBUG o.s.w.s.m.m.a.RequestMappingHandlerMapping - Mapped to com.binary.easychatsystem.controller.ChatRestController#getConversationMessages(Long, int, int, UserDetails)
2025-09-30 16:45:58 [http-nio-8485-exec-6] INFO  c.b.e.s.impl.ChatMessageServiceImpl - return result: [ChatMessage(messageId=1, content=Hello Moe Lay, mediaType=TEXT, mediaUrl=, mediaMime=, mediaSize=0, senderId=1, recipientId=null, type=CHAT, status=SENT, isDeleted=false, createdAt=2025-09-30T16:39:00.928657, updatedAt=null, readAt=null, conversation=com.binary.easychatsystem.model.ChatConversation@b2f00bf)]
2025-09-30 16:45:58 [http-nio-8485-exec-6] DEBUG o.s.w.s.m.m.a.HttpEntityMethodProcessor - Using 'application/json', given [application/json, text/plain, */*] and supported [application/json, application/*+json]
2025-09-30 16:45:58 [http-nio-8485-exec-6] DEBUG o.s.w.s.m.m.a.HttpEntityMethodProcessor - Writing [[ChatMessage(messageId=1, content=Hello Moe Lay, mediaType=TEXT, mediaUrl=, mediaMime=, mediaSize=0, (truncated)...]
2025-09-30 16:45:58 [http-nio-8485-exec-6] DEBUG o.s.web.servlet.DispatcherServlet - Completed 200 OK
2025-09-30 16:45:58 [clientInboundChannel-26] DEBUG org.springframework.web.SimpLogging - Processing SUBSCRIBE /topic/conversation.2 id=sub-1 session=2b3dj0lr
2025-09-30 16:46:08 [MessageBroker-5] DEBUG o.s.w.s.s.t.h.DefaultSockJsService - Closed 1 sessions: [vaict1d2]
2025-09-30 16:46:09 [clientInboundChannel-13] DEBUG org.springframework.web.SimpLogging - Processing UNSUBSCRIBE id=sub-1 session=2b3dj0lr
2025-09-30 16:46:10 [http-nio-8485-exec-1] DEBUG o.s.web.servlet.DispatcherServlet - GET "/api/messages/conversations/1", parameters={}
2025-09-30 16:46:10 [http-nio-8485-exec-1] DEBUG o.s.w.s.m.m.a.RequestMappingHandlerMapping - Mapped to com.binary.easychatsystem.controller.ChatRestController#getConversationMessages(Long, int, int, UserDetails)
2025-09-30 16:46:10 [http-nio-8485-exec-1] INFO  c.b.e.s.impl.ChatMessageServiceImpl - return result: []
2025-09-30 16:46:10 [http-nio-8485-exec-1] DEBUG o.s.w.s.m.m.a.HttpEntityMethodProcessor - Using 'application/json', given [application/json, text/plain, */*] and supported [application/json, application/*+json]
2025-09-30 16:46:10 [http-nio-8485-exec-1] DEBUG o.s.w.s.m.m.a.HttpEntityMethodProcessor - Writing [[]]
2025-09-30 16:46:10 [http-nio-8485-exec-1] DEBUG o.s.web.servlet.DispatcherServlet - Completed 200 OK
2025-09-30 16:46:10 [clientInboundChannel-16] DEBUG org.springframework.web.SimpLogging - Processing SUBSCRIBE /topic/conversation.1 id=sub-2 session=2b3dj0lr
2025-09-30 16:46:27 [clientInboundChannel-17] DEBUG o.s.w.s.m.WebSocketAnnotationMethodMessageHandler - Searching methods to handle SEND /app/chat.send session=2b3dj0lr, lookupDestination='/chat.send'
2025-09-30 16:46:27 [clientInboundChannel-17] DEBUG o.s.w.s.m.WebSocketAnnotationMethodMessageHandler - Invoking ChatController#sendMessage[1 args]
2025-09-30 16:46:27 [clientInboundChannel-17] INFO  c.b.e.s.impl.ChatMessageServiceImpl - Saving message: ChatMessage(messageId=null, content=Hello, How are you?, mediaType=TEXT, mediaUrl=, mediaMime=, mediaSize=0, senderId=1, recipientId=null, type=CHAT, status=SENT, isDeleted=null, createdAt=null, updatedAt=null, readAt=null, conversation=com.binary.easychatsystem.model.ChatConversation@5cb7ea0d)
2025-09-30 16:46:27 [clientInboundChannel-17] DEBUG org.springframework.web.SimpLogging - Processing MESSAGE destination=/topic/conversation.1 session=null payload={"messageId":2,"content":"Hello, How are you?","mediaType":"TEXT","mediaUrl":"",...(truncated)
2025-09-30 16:46:27 [clientInboundChannel-17] DEBUG org.springframework.web.SimpLogging - Broadcasting to 1 sessions.
2025-09-30 16:46:27 [clientInboundChannel-17] DEBUG org.springframework.web.SimpLogging - Processing MESSAGE destination=/user/1/queue/message.status session=null payload={"status":"SENT","messageId":2}
2025-09-30 16:48:29 [SpringApplicationShutdownHook] DEBUG org.springframework.web.SimpLogging - clientOutboundChannel removed SubProtocolWebSocketHandler[StompSubProtocolHandler[v10.stomp, v11.stomp, v12.stomp]]
2025-09-30 16:48:29 [SpringApplicationShutdownHook] DEBUG o.s.w.s.s.t.s.WebSocketServerSockJsSession - Closing SockJS session 2b3dj0lr with CloseStatus[code=1001, reason=null]
2025-09-30 16:48:29 [SpringApplicationShutdownHook] DEBUG o.s.w.s.h.LoggingWebSocketHandlerDecorator - Transport error in WebSocketServerSockJsSession[id=2b3dj0lr]
java.io.IOException: java.nio.channels.ClosedChannelException
	at org.apache.tomcat.websocket.WsRemoteEndpointImplBase.sendMessageBlockInternal(WsRemoteEndpointImplBase.java:326)
	at org.apache.tomcat.websocket.WsRemoteEndpointImplBase.sendMessageBlock(WsRemoteEndpointImplBase.java:266)
	at org.apache.tomcat.websocket.WsSession.sendCloseMessage(WsSession.java:778)
	at org.apache.tomcat.websocket.WsSession.doClose(WsSession.java:575)
	at org.apache.tomcat.websocket.WsRemoteEndpointImplBase.sendMessageBlockInternal(WsRemoteEndpointImplBase.java:324)
	at org.apache.tomcat.websocket.WsRemoteEndpointImplBase.sendMessageBlock(WsRemoteEndpointImplBase.java:266)
	at org.apache.tomcat.websocket.WsRemoteEndpointImplBase.sendMessageBlock(WsRemoteEndpointImplBase.java:250)
	at org.apache.tomcat.websocket.WsRemoteEndpointImplBase.sendPartialString(WsRemoteEndpointImplBase.java:223)
	at org.apache.tomcat.websocket.WsRemoteEndpointBasic.sendText(WsRemoteEndpointBasic.java:48)
	at org.springframework.web.socket.adapter.standard.StandardWebSocketSession.sendTextMessage(StandardWebSocketSession.java:217)
	at org.springframework.web.socket.adapter.AbstractWebSocketSession.sendMessage(AbstractWebSocketSession.java:108)
	at org.springframework.web.socket.sockjs.transport.session.WebSocketServerSockJsSession.writeFrameInternal(WebSocketServerSockJsSession.java:228)
	at org.springframework.web.socket.sockjs.transport.session.AbstractSockJsSession.close(AbstractSockJsSession.java:188)
	at org.springframework.web.socket.handler.WebSocketSessionDecorator.close(WebSocketSessionDecorator.java:164)
	at org.springframework.web.socket.handler.ConcurrentWebSocketSessionDecorator.close(ConcurrentWebSocketSessionDecorator.java:279)
	at org.springframework.web.socket.messaging.SubProtocolWebSocketHandler.stop(SubProtocolWebSocketHandler.java:308)
	at org.springframework.web.socket.messaging.SubProtocolWebSocketHandler.stop(SubProtocolWebSocketHandler.java:321)
	at org.springframework.context.support.DefaultLifecycleProcessor.doStop(DefaultLifecycleProcessor.java:463)
	at org.springframework.context.support.DefaultLifecycleProcessor$LifecycleGroup.stop(DefaultLifecycleProcessor.java:618)
	at java.base/java.lang.Iterable.forEach(Iterable.java:75)
	at org.springframework.context.support.DefaultLifecycleProcessor.stopBeans(DefaultLifecycleProcessor.java:432)
	at org.springframework.context.support.DefaultLifecycleProcessor.onClose(DefaultLifecycleProcessor.java:323)
	at org.springframework.context.support.AbstractApplicationContext.doClose(AbstractApplicationContext.java:1172)
	at org.springframework.boot.web.servlet.context.ServletWebServerApplicationContext.doClose(ServletWebServerApplicationContext.java:179)
	at org.springframework.context.support.AbstractApplicationContext.close(AbstractApplicationContext.java:1126)
	at org.springframework.boot.SpringApplicationShutdownHook.closeAndWait(SpringApplicationShutdownHook.java:147)
	at java.base/java.lang.Iterable.forEach(Iterable.java:75)
	at org.springframework.boot.SpringApplicationShutdownHook.run(SpringApplicationShutdownHook.java:116)
	at java.base/java.lang.Thread.run(Thread.java:1583)
Caused by: java.nio.channels.ClosedChannelException: null
	at org.apache.tomcat.util.net.NioChannel$1.write(NioChannel.java:282)
	at org.apache.tomcat.util.net.NioEndpoint$NioSocketWrapper$NioOperationState.run(NioEndpoint.java:1665)
	at org.apache.tomcat.util.net.SocketWrapperBase$OperationState.start(SocketWrapperBase.java:987)
	at org.apache.tomcat.util.net.SocketWrapperBase.vectoredOperation(SocketWrapperBase.java:1358)
	at org.apache.tomcat.util.net.SocketWrapperBase.write(SocketWrapperBase.java:1287)
	at org.apache.tomcat.util.net.SocketWrapperBase.write(SocketWrapperBase.java:1262)
	at org.apache.tomcat.websocket.server.WsRemoteEndpointImplServer.doWrite(WsRemoteEndpointImplServer.java:171)
	at org.apache.tomcat.websocket.WsRemoteEndpointImplBase.writeMessagePart(WsRemoteEndpointImplBase.java:521)
	at org.apache.tomcat.websocket.WsRemoteEndpointImplBase.sendMessageBlockInternal(WsRemoteEndpointImplBase.java:313)
	... 24 common frames omitted
2025-09-30 16:48:29 [SpringApplicationShutdownHook] DEBUG o.s.w.s.s.t.s.WebSocketServerSockJsSession - Failure while sending SockJS close frame
java.io.IOException: java.nio.channels.ClosedChannelException
	at org.apache.tomcat.websocket.WsRemoteEndpointImplBase.sendMessageBlockInternal(WsRemoteEndpointImplBase.java:326)
	at org.apache.tomcat.websocket.WsRemoteEndpointImplBase.sendMessageBlock(WsRemoteEndpointImplBase.java:266)
	at org.apache.tomcat.websocket.WsRemoteEndpointImplBase.sendMessageBlock(WsRemoteEndpointImplBase.java:250)
	at org.apache.tomcat.websocket.WsRemoteEndpointImplBase.sendPartialString(WsRemoteEndpointImplBase.java:223)
	at org.apache.tomcat.websocket.WsRemoteEndpointBasic.sendText(WsRemoteEndpointBasic.java:48)
	at org.springframework.web.socket.adapter.standard.StandardWebSocketSession.sendTextMessage(StandardWebSocketSession.java:217)
	at org.springframework.web.socket.adapter.AbstractWebSocketSession.sendMessage(AbstractWebSocketSession.java:108)
	at org.springframework.web.socket.sockjs.transport.session.WebSocketServerSockJsSession.writeFrameInternal(WebSocketServerSockJsSession.java:228)
	at org.springframework.web.socket.sockjs.transport.session.AbstractSockJsSession.close(AbstractSockJsSession.java:188)
	at org.springframework.web.socket.handler.WebSocketSessionDecorator.close(WebSocketSessionDecorator.java:164)
	at org.springframework.web.socket.handler.ConcurrentWebSocketSessionDecorator.close(ConcurrentWebSocketSessionDecorator.java:279)
	at org.springframework.web.socket.messaging.SubProtocolWebSocketHandler.stop(SubProtocolWebSocketHandler.java:308)
	at org.springframework.web.socket.messaging.SubProtocolWebSocketHandler.stop(SubProtocolWebSocketHandler.java:321)
	at org.springframework.context.support.DefaultLifecycleProcessor.doStop(DefaultLifecycleProcessor.java:463)
	at org.springframework.context.support.DefaultLifecycleProcessor$LifecycleGroup.stop(DefaultLifecycleProcessor.java:618)
	at java.base/java.lang.Iterable.forEach(Iterable.java:75)
	at org.springframework.context.support.DefaultLifecycleProcessor.stopBeans(DefaultLifecycleProcessor.java:432)
	at org.springframework.context.support.DefaultLifecycleProcessor.onClose(DefaultLifecycleProcessor.java:323)
	at org.springframework.context.support.AbstractApplicationContext.doClose(AbstractApplicationContext.java:1172)
	at org.springframework.boot.web.servlet.context.ServletWebServerApplicationContext.doClose(ServletWebServerApplicationContext.java:179)
	at org.springframework.context.support.AbstractApplicationContext.close(AbstractApplicationContext.java:1126)
	at org.springframework.boot.SpringApplicationShutdownHook.closeAndWait(SpringApplicationShutdownHook.java:147)
	at java.base/java.lang.Iterable.forEach(Iterable.java:75)
	at org.springframework.boot.SpringApplicationShutdownHook.run(SpringApplicationShutdownHook.java:116)
	at java.base/java.lang.Thread.run(Thread.java:1583)
Caused by: java.nio.channels.ClosedChannelException: null
	at org.apache.tomcat.util.net.NioChannel$1.write(NioChannel.java:282)
	at org.apache.tomcat.util.net.NioEndpoint$NioSocketWrapper$NioOperationState.run(NioEndpoint.java:1665)
	at org.apache.tomcat.util.net.SocketWrapperBase$OperationState.start(SocketWrapperBase.java:987)
	at org.apache.tomcat.util.net.SocketWrapperBase.vectoredOperation(SocketWrapperBase.java:1358)
	at org.apache.tomcat.util.net.SocketWrapperBase.write(SocketWrapperBase.java:1287)
	at org.apache.tomcat.util.net.SocketWrapperBase.write(SocketWrapperBase.java:1262)
	at org.apache.tomcat.websocket.server.WsRemoteEndpointImplServer.doWrite(WsRemoteEndpointImplServer.java:171)
	at org.apache.tomcat.websocket.WsRemoteEndpointImplBase.writeMessagePart(WsRemoteEndpointImplBase.java:521)
	at org.apache.tomcat.websocket.WsRemoteEndpointImplBase.sendMessageBlockInternal(WsRemoteEndpointImplBase.java:313)
	... 24 common frames omitted
2025-09-30 16:48:29 [SpringApplicationShutdownHook] DEBUG o.s.w.s.h.LoggingWebSocketHandlerDecorator - WebSocketServerSockJsSession[id=2b3dj0lr] closed with CloseStatus[code=1001, reason=null]
2025-09-30 16:48:29 [SpringApplicationShutdownHook] DEBUG o.s.w.s.m.SubProtocolWebSocketHandler - Clearing session 2b3dj0lr
2025-09-30 16:48:29 [SpringApplicationShutdownHook] INFO  c.b.e.config.WebSocketEventListener - user disconnected: 1
2025-09-30 16:48:29 [clientInboundChannel-30] DEBUG org.springframework.web.SimpLogging - Processing DISCONNECT session=2b3dj0lr
2025-09-30 16:48:29 [SpringApplicationShutdownHook] DEBUG org.springframework.web.SimpLogging - clientInboundChannel removed WebSocketAnnotationMethodMessageHandler[prefixes=[/app/]]
2025-09-30 16:48:29 [SpringApplicationShutdownHook] INFO  org.springframework.web.SimpLogging - Stopping...
2025-09-30 16:48:29 [SpringApplicationShutdownHook] INFO  org.springframework.web.SimpLogging - BrokerAvailabilityEvent[available=false, SimpleBrokerMessageHandler [org.springframework.messaging.simp.broker.DefaultSubscriptionRegistry@79da2f0d]]
2025-09-30 16:48:29 [SpringApplicationShutdownHook] DEBUG org.springframework.web.SimpLogging - clientInboundChannel removed SimpleBrokerMessageHandler [org.springframework.messaging.simp.broker.DefaultSubscriptionRegistry@79da2f0d]
2025-09-30 16:48:29 [SpringApplicationShutdownHook] DEBUG org.springframework.web.SimpLogging - brokerChannel removed SimpleBrokerMessageHandler [org.springframework.messaging.simp.broker.DefaultSubscriptionRegistry@79da2f0d]
2025-09-30 16:48:29 [SpringApplicationShutdownHook] INFO  org.springframework.web.SimpLogging - Stopped.
2025-09-30 16:48:29 [SpringApplicationShutdownHook] DEBUG org.springframework.web.SimpLogging - clientInboundChannel removed UserDestinationMessageHandler[DefaultUserDestinationResolver[prefix=/user/]]
2025-09-30 16:48:29 [SpringApplicationShutdownHook] DEBUG org.springframework.web.SimpLogging - brokerChannel removed UserDestinationMessageHandler[DefaultUserDestinationResolver[prefix=/user/]]
